domain,verified_label,review_status,verification_method,notes
redcross.org.uk,0,verified,official website,British Red Cross humanitarian charity
nustargame.ph,1,verified,official website,Online casino and gaming website
nustar.ph,1,verified,official website,NUSTAR casino and gaming
ghostmshop.mgame.com,0,verified,official website,Mgame conventional video-game web shop
ghostss.mgame.com,,uncertain,manual research,Insufficient direct evidence
mgame.com,0,verified,official website,Conventional online gaming portal
noc.mgame.com,,uncertain,manual research,Specific subdomain remains unresolved
red.mgame.com,,uncertain,manual research,Specific subdomain remains unresolved
endorphina.com,1,verified,official website,B2B online slot and casino game provider
linqapp.com,0,verified,official documentation,Digital business card and CRM platform
eeze.com,1,verified,official website,Live casino and slot provider
z8.com,,uncertain,manual research,Gambling-related evidence exists but current status unresolved
fruitkings.com,1,verified,official website,Real-money online casino
