domain,label,verified_label,verification_status,verification_source,benign_candidate_status,benign_candidate_reason,tranco_rank,tranco_match,tranco_match_type,has_gambling_keyword,suspicious_tld,domain_age_days,has_domain_info,ssl_valid,dns_resolves,manual_verified_label,manual_review_status,manual_notes
redcross.org.uk,0,,needs_review,,medium_benign_candidate,Top 100K Tranco and no gambling keyword,34703.0,redcross.org.uk,exact,0,0,10846.0,1,1,1,,,
nustargame.ph,0,,needs_review,,medium_benign_candidate,Top 100K Tranco and no gambling keyword,75785.0,nustargame.ph,exact,0,0,0.0,0,0,1,,,
juanbingo.ph,0,,needs_review,,medium_benign_candidate,Top 100K Tranco and no gambling keyword,98124.0,juanbingo.ph,exact,0,0,0.0,0,0,1,,,
aiusbnalhgmigljranigqrvdtgqgbufwhjbet.blogspot.com,1,,priority_review,,priority_gambling_review,Contains gambling-related keyword,101.0,blogspot.com,parent_domain,1,0,0.0,0,1,1,,,
sportybetadder8jx6.weebly.com,1,,priority_review,,priority_gambling_review,Contains gambling-related keyword,344.0,weebly.com,parent_domain,1,0,7319.0,1,0,0,,,
ilotbet-03121.weebly.com,1,,priority_review,,priority_gambling_review,Contains gambling-related keyword,344.0,weebly.com,parent_domain,1,0,7319.0,1,1,1,,,
sportybetadder001.weebly.com,1,,priority_review,,priority_gambling_review,Contains gambling-related keyword,344.0,weebly.com,parent_domain,1,0,7319.0,1,0,0,,,
sportybetballanceader.weebly.com,1,,priority_review,,priority_gambling_review,Contains gambling-related keyword,344.0,weebly.com,parent_domain,1,0,7319.0,1,0,0,,,
sportybetbalanceadderssappss.weebly.com,1,,priority_review,,priority_gambling_review,Contains gambling-related keyword,344.0,weebly.com,parent_domain,1,0,7319.0,1,0,0,,,
sportybetfixednetvip.weebly.com,1,,priority_review,,priority_gambling_review,Contains gambling-related keyword,344.0,weebly.com,parent_domain,1,0,7319.0,1,0,0,,,
sportybetgift.weebly.com,1,,priority_review,,priority_gambling_review,Contains gambling-related keyword,344.0,weebly.com,parent_domain,1,0,7319.0,1,0,0,,,
sportybetadder8jxx6.weebly.com,1,,priority_review,,priority_gambling_review,Contains gambling-related keyword,344.0,weebly.com,parent_domain,1,0,7319.0,1,1,1,,,
sportbetng247.weebly.com,1,,priority_review,,priority_gambling_review,Contains gambling-related keyword,344.0,weebly.com,parent_domain,1,0,7319.0,1,0,0,,,
sportbetadderapk.weebly.com,1,,priority_review,,priority_gambling_review,Contains gambling-related keyword,344.0,weebly.com,parent_domain,1,0,7319.0,1,0,0,,,
sportybetoddlink.weebly.com,1,,priority_review,,priority_gambling_review,Contains gambling-related keyword,344.0,weebly.com,parent_domain,1,0,7319.0,1,0,1,,,
1xbetloan.weebly.com,1,,priority_review,,priority_gambling_review,Contains gambling-related keyword,344.0,weebly.com,parent_domain,1,0,7319.0,1,0,0,,,
bangbet.weebly.com,1,,priority_review,,priority_gambling_review,Contains gambling-related keyword,344.0,weebly.com,parent_domain,1,0,7319.0,1,0,0,,,
ilotbetzipeg1li2itch.weebly.com,1,,priority_review,,priority_gambling_review,Contains gambling-related keyword,344.0,weebly.com,parent_domain,1,0,7319.0,1,0,1,,,
sportybetadderwebs86.weebly.com,1,,priority_review,,priority_gambling_review,Contains gambling-related keyword,344.0,weebly.com,parent_domain,1,0,7319.0,1,0,0,,,
sportybetadder01.weebly.com,1,,priority_review,,priority_gambling_review,Contains gambling-related keyword,344.0,weebly.com,parent_domain,1,0,7319.0,1,0,0,,,
hbetcorrect-192.weebly.com,1,,priority_review,,priority_gambling_review,Contains gambling-related keyword,344.0,weebly.com,parent_domain,1,0,7319.0,1,0,1,,,
sportybetadder-012.weebly.com,1,,priority_review,,priority_gambling_review,Contains gambling-related keyword,344.0,weebly.com,parent_domain,1,0,7319.0,1,0,0,,,
portybetadder1048.weebly.com,1,,priority_review,,priority_gambling_review,Contains gambling-related keyword,344.0,weebly.com,parent_domain,1,0,7319.0,1,1,1,,,
sportybet-winningodd.weebly.com,1,,priority_review,,priority_gambling_review,Contains gambling-related keyword,344.0,weebly.com,parent_domain,1,0,7319.0,1,0,0,,,
sportybetadder-90.weebly.com,1,,priority_review,,priority_gambling_review,Contains gambling-related keyword,344.0,weebly.com,parent_domain,1,0,7319.0,1,1,1,,,
ilotbet-0012.weebly.com,1,,priority_review,,priority_gambling_review,Contains gambling-related keyword,344.0,weebly.com,parent_domain,1,0,7319.0,1,1,1,,,
sportybetcompanyonlinelink.weebly.com,1,,priority_review,,priority_gambling_review,Contains gambling-related keyword,344.0,weebly.com,parent_domain,1,0,7319.0,1,0,0,,,
sportybet-nigeria-bookings.weebly.com,1,,priority_review,,priority_gambling_review,Contains gambling-related keyword,344.0,weebly.com,parent_domain,1,0,7319.0,1,0,0,,,
footballbet.weebly.com,1,,priority_review,,priority_gambling_review,Contains gambling-related keyword,344.0,weebly.com,parent_domain,1,0,7319.0,1,1,1,,,
ilotbetzipeg1li1itch.weebly.com,1,,priority_review,,priority_gambling_review,Contains gambling-related keyword,344.0,weebly.com,parent_domain,1,0,7319.0,1,0,0,,,
sportybetbalanceadderx.weebly.com,1,,priority_review,,priority_gambling_review,Contains gambling-related keyword,344.0,weebly.com,parent_domain,1,0,7319.0,1,0,0,,,
sportybetadder581spo.weebly.com,1,,priority_review,,priority_gambling_review,Contains gambling-related keyword,344.0,weebly.com,parent_domain,1,0,7319.0,1,1,1,,,
sportybet-nig-bookingcode.weebly.com,1,,priority_review,,priority_gambling_review,Contains gambling-related keyword,344.0,weebly.com,parent_domain,1,0,7319.0,1,0,0,,,
sportybetreedembonus04.weebly.com,1,,priority_review,,priority_gambling_review,Contains gambling-related keyword,344.0,weebly.com,parent_domain,1,0,7319.0,1,0,0,,,
beternuipouli.web.app,1,,priority_review,,priority_gambling_review,Contains gambling-related keyword,2831.0,web.app,parent_domain,1,0,0.0,0,0,0,,,
beternuipouli.firebaseapp.com,1,,priority_review,,priority_gambling_review,Contains gambling-related keyword,5498.0,firebaseapp.com,parent_domain,1,0,0.0,0,0,0,,,
casino.fanatics.com,0,,priority_review,,priority_gambling_review,Contains gambling-related keyword,10910.0,fanatics.com,parent_domain,1,0,10063.0,1,1,1,,,
bafkreih37hzjc4n4elusfak5z5ktjgy5tvfy4nzk4hql3huz3betpe3nqe.ipfs.dweb.link,1,,priority_review,,priority_gambling_review,Contains gambling-related keyword,18263.0,dweb.link,parent_domain,1,0,3333.0,1,0,0,,,
betacular.live,1,,priority_review,,priority_gambling_review,Contains gambling-related keyword,92163.0,betacular.live,exact,1,0,0.0,0,1,1,,,
betg366.start.page,1,,priority_review,,priority_gambling_review,Contains gambling-related keyword,99169.0,start.page,parent_domain,1,0,0.0,0,0,0,,,
hollywoodcasino.com,0,,priority_review,,priority_gambling_review,Contains gambling-related keyword,558465.0,hollywoodcasino.com,exact,1,0,10915.0,1,1,1,,,
betsmith.com,0,,priority_review,,priority_gambling_review,Contains gambling-related keyword,657420.0,betsmith.com,exact,1,0,4984.0,1,1,1,,,
starsportsbet.co.uk,0,,priority_review,,priority_gambling_review,Contains gambling-related keyword,732768.0,starsportsbet.co.uk,exact,1,0,6003.0,1,1,1,,,
betmaster.co.uk,0,,priority_review,,priority_gambling_review,Contains gambling-related keyword,885161.0,betmaster.co.uk,exact,1,0,1344.0,1,1,1,,,
slot-secure-365.online,1,,priority_review,,priority_gambling_review,Contains gambling-related keyword,,,,1,1,0.0,0,0,0,,,
casino-reward-888.top,1,,priority_review,,priority_gambling_review,Contains gambling-related keyword,,,,1,1,0.0,0,0,0,,,
hthbet619.com,1,,priority_review,,priority_gambling_review,Contains gambling-related keyword,,,,1,0,1940.0,1,0,1,,,
biowin69go.com,1,,priority_review,,priority_gambling_review,Contains gambling-related keyword,,,,1,0,0.0,0,0,1,,,
luckywin.ph,0,,priority_review,,priority_gambling_review,Contains gambling-related keyword,,,,1,0,0.0,0,1,1,,,
bet333.in,1,,priority_review,,priority_gambling_review,Contains gambling-related keyword,,,,1,0,0.0,0,1,1,,,
bybet.io,0,,priority_review,,priority_gambling_review,Contains gambling-related keyword,,,,1,0,1301.0,1,1,1,,,
casino-login-777.top,1,,priority_review,,priority_gambling_review,Contains gambling-related keyword,,,,1,1,0.0,0,0,0,,,
wintayo.com,0,,priority_review,,priority_gambling_review,Contains gambling-related keyword,,,,1,0,0.0,0,0,1,,,
slot-verify-888.online,1,,priority_review,,priority_gambling_review,Contains gambling-related keyword,,,,1,1,0.0,0,0,0,,,
catcasinosx.com,1,,priority_review,,priority_gambling_review,Contains gambling-related keyword,,,,1,0,0.0,0,0,0,,,
diyarbet121.com,1,,priority_review,,priority_gambling_review,Contains gambling-related keyword,,,,1,0,0.0,0,0,1,,,
kordonbet213.com,1,,priority_review,,priority_gambling_review,Contains gambling-related keyword,,,,1,0,0.0,0,0,0,,,
slotsofdosh.com,0,,priority_review,,priority_gambling_review,Contains gambling-related keyword,,,,1,0,5462.0,1,1,1,,,
fortwinbam.com,1,,priority_review,,priority_gambling_review,Contains gambling-related keyword,,,,1,0,595.0,1,0,0,,,
2wkzr.go777.ph,1,,priority_review,,priority_gambling_review,Contains gambling-related keyword,,,,1,0,0.0,0,0,1,,,
plusbet21.com,1,,priority_review,,priority_gambling_review,Contains gambling-related keyword,,,,1,0,0.0,0,0,0,,,
captaincookcasino.co.uk,0,,priority_review,,priority_gambling_review,Contains gambling-related keyword,,,,1,0,8551.0,1,1,1,,,
digiwin.ph,0,,priority_review,,priority_gambling_review,Contains gambling-related keyword,,,,1,0,0.0,0,0,0,,,
wpcasino.net,1,,priority_review,,priority_gambling_review,Contains gambling-related keyword,,,,1,0,2895.0,1,0,1,,,
betgoo200.com,1,,priority_review,,priority_gambling_review,Contains gambling-related keyword,,,,1,0,0.0,0,0,1,,,
asiabet338.website,1,,priority_review,,priority_gambling_review,Contains gambling-related keyword,,,,1,0,0.0,0,0,1,,,
rp777.vip,1,,priority_review,,priority_gambling_review,Contains gambling-related keyword,,,,1,0,357.0,1,1,1,,,
ciprobet,1,,priority_review,,priority_gambling_review,Contains gambling-related keyword,,,,1,0,0.0,0,0,0,,,
crazywingo.asia,0,,priority_review,,priority_gambling_review,Contains gambling-related keyword,,,,1,0,73.0,1,1,1,,,
azino-777.live,1,,priority_review,,priority_gambling_review,Contains gambling-related keyword,,,,1,0,0.0,0,0,0,,,
win-bonus-888.pro,1,,priority_review,,priority_gambling_review,Contains gambling-related keyword,,,,1,0,0.0,0,0,0,,,
betvenedik.com,1,,priority_review,,priority_gambling_review,Contains gambling-related keyword,,,,1,0,1289.0,1,1,1,,,
betmaks433.com,1,,priority_review,,priority_gambling_review,Contains gambling-related keyword,,,,1,0,0.0,0,0,1,,,
diyarbet123.com,1,,priority_review,,priority_gambling_review,Contains gambling-related keyword,,,,1,0,0.0,0,0,1,,,
206casinoturka,1,,priority_review,,priority_gambling_review,Contains gambling-related keyword,,,,1,0,0.0,0,0,0,,,
uwin992.cc,1,,priority_review,,priority_gambling_review,Contains gambling-related keyword,,,,1,0,1151.0,1,0,1,,,
epicwin2.com,1,,priority_review,,priority_gambling_review,Contains gambling-related keyword,,,,1,0,283.0,1,0,0,,,
mgt-casino.com,1,,priority_review,,priority_gambling_review,Contains gambling-related keyword,,,,1,0,308.0,1,1,1,,,
diyarbet,1,,priority_review,,priority_gambling_review,Contains gambling-related keyword,,,,1,0,0.0,0,0,0,,,
casinomga.com,1,,priority_review,,priority_gambling_review,Contains gambling-related keyword,,,,1,0,3051.0,1,0,0,,,
77win,1,,priority_review,,priority_gambling_review,Contains gambling-related keyword,,,,1,0,0.0,0,0,0,,,
donaldwin.com,1,,priority_review,,priority_gambling_review,Contains gambling-related keyword,,,,1,0,706.0,1,0,1,,,
bybet.vip,0,,priority_review,,priority_gambling_review,Contains gambling-related keyword,,,,1,0,457.0,1,1,1,,,
hunterbetting5.com,1,,priority_review,,priority_gambling_review,Contains gambling-related keyword,,,,1,0,0.0,0,0,0,,,
anibet.com,0,,priority_review,,priority_gambling_review,Contains gambling-related keyword,,,,1,0,5079.0,1,0,0,,,
1mebetx.com,1,,priority_review,,priority_gambling_review,Contains gambling-related keyword,,,,1,0,2881.0,1,0,0,,,
efesbetcasino353.com,1,,priority_review,,priority_gambling_review,Contains gambling-related keyword,,,,1,0,0.0,0,0,1,,,
bigbet138.xyz,1,,priority_review,,priority_gambling_review,Contains gambling-related keyword,,,,1,1,0.0,0,0,1,,,
29bet.com,1,,priority_review,,priority_gambling_review,Contains gambling-related keyword,,,,1,0,5238.0,1,0,1,,,
bixbet.com,1,,priority_review,,priority_gambling_review,Contains gambling-related keyword,,,,1,0,4116.0,1,1,1,,,
betvadi,1,,priority_review,,priority_gambling_review,Contains gambling-related keyword,,,,1,0,0.0,0,0,0,,,
casinoplatin.net,1,,priority_review,,priority_gambling_review,Contains gambling-related keyword,,,,1,0,421.0,1,1,1,,,
nobet177.com,1,,priority_review,,priority_gambling_review,Contains gambling-related keyword,,,,1,0,102.0,1,0,0,,,
betcombet,1,,priority_review,,priority_gambling_review,Contains gambling-related keyword,,,,1,0,0.0,0,0,0,,,
sportotobet.com,1,,priority_review,,priority_gambling_review,Contains gambling-related keyword,,,,1,0,4156.0,1,1,1,,,
777-azino.in,1,,priority_review,,priority_gambling_review,Contains gambling-related keyword,,,,1,0,0.0,0,0,0,,,
bet-free-777.xyz,1,,priority_review,,priority_gambling_review,Contains gambling-related keyword,,,,1,1,0.0,0,0,0,,,
anibet.ph,0,,priority_review,,priority_gambling_review,Contains gambling-related keyword,,,,1,0,0.0,0,0,1,,,
111casinoviva.com,1,,priority_review,,priority_gambling_review,Contains gambling-related keyword,,,,1,0,0.0,0,0,0,,,
slot-account-888.buzz,1,,priority_review,,priority_gambling_review,Contains gambling-related keyword,,,,1,0,0.0,0,0,0,,,
betboro.co.uk,0,,priority_review,,priority_gambling_review,Contains gambling-related keyword,,,,1,0,3806.0,1,1,1,,,
eubet8my.com,1,,priority_review,,priority_gambling_review,Contains gambling-related keyword,,,,1,0,0.0,0,0,0,,,
deluxe-bet.com,1,,priority_review,,priority_gambling_review,Contains gambling-related keyword,,,,1,0,277.0,1,0,0,,,
asiabet33.net,1,,priority_review,,priority_gambling_review,Contains gambling-related keyword,,,,1,0,2913.0,1,1,1,,,
filslots.com,0,,priority_review,,priority_gambling_review,Contains gambling-related keyword,,,,1,0,495.0,1,1,1,,,
orangeplusbet.com,1,,priority_review,,priority_gambling_review,Contains gambling-related keyword,,,,1,0,750.0,1,0,1,,,
chillybets.com,0,,priority_review,,priority_gambling_review,Contains gambling-related keyword,,,,1,0,1876.0,1,1,1,,,
casinoclassic.co.uk,0,,priority_review,,priority_gambling_review,Contains gambling-related keyword,,,,1,0,8334.0,1,1,1,,,
dapurbet.net,1,,priority_review,,priority_gambling_review,Contains gambling-related keyword,,,,1,0,166.0,1,0,1,,,
365-bets.com,1,,priority_review,,priority_gambling_review,Contains gambling-related keyword,,,,1,0,372.0,1,0,0,,,
casino-royal.net,1,,priority_review,,priority_gambling_review,Contains gambling-related keyword,,,,1,0,3192.0,1,0,1,,,
win-jackpot-777.vip,1,,priority_review,,priority_gambling_review,Contains gambling-related keyword,,,,1,0,0.0,0,0,0,,,
richbet.co.uk,0,,priority_review,,priority_gambling_review,Contains gambling-related keyword,,,,1,0,821.0,1,0,1,,,
luxurycasino.co.uk,0,,priority_review,,priority_gambling_review,Contains gambling-related keyword,,,,1,0,4733.0,1,1,1,,,
betwin.ph,0,,priority_review,,priority_gambling_review,Contains gambling-related keyword,,,,1,0,0.0,0,0,0,,,
betwin78.net,1,,priority_review,,priority_gambling_review,Contains gambling-related keyword,,,,1,0,641.0,1,1,1,,,
bbet.ph,0,,priority_review,,priority_gambling_review,Contains gambling-related keyword,,,,1,0,0.0,0,0,1,,,
casino-free-365.click,1,,priority_review,,priority_gambling_review,Contains gambling-related keyword,,,,1,0,0.0,0,0,0,,,
fbmcasino.ph,0,,priority_review,,priority_gambling_review,Contains gambling-related keyword,,,,1,0,0.0,0,1,1,,,
bet365virtual.com,1,,priority_review,,priority_gambling_review,Contains gambling-related keyword,,,,1,0,2071.0,1,0,1,,,
ecasino.mgame.ph,0,,priority_review,,priority_gambling_review,Contains gambling-related keyword,,,,1,0,0.0,0,0,1,,,
dinamitbet,1,,priority_review,,priority_gambling_review,Contains gambling-related keyword,,,,1,0,0.0,0,0,0,,,
combowin.ph,0,,priority_review,,priority_gambling_review,Contains gambling-related keyword,,,,1,0,0.0,0,0,0,,,
luckybet155,1,,priority_review,,priority_gambling_review,Contains gambling-related keyword,,,,1,0,0.0,0,0,0,,,
kingcasino.ph,0,,priority_review,,priority_gambling_review,Contains gambling-related keyword,,,,1,0,0.0,0,0,1,,,
casino-bonus-365.top,1,,priority_review,,priority_gambling_review,Contains gambling-related keyword,,,,1,1,0.0,0,0,0,,,
bet88.io,0,,priority_review,,priority_gambling_review,Contains gambling-related keyword,,,,1,0,1397.0,1,0,1,,,
betnet9,1,,priority_review,,priority_gambling_review,Contains gambling-related keyword,,,,1,0,0.0,0,0,0,,,
efesbet259.com,1,,priority_review,,priority_gambling_review,Contains gambling-related keyword,,,,1,0,0.0,0,0,1,,,
casino-europa.eu,1,,priority_review,,priority_gambling_review,Contains gambling-related keyword,,,,1,0,0.0,0,1,1,,,
bybet.app,0,,priority_review,,priority_gambling_review,Contains gambling-related keyword,,,,1,0,0.0,0,1,1,,,
axwin.ie,0,,priority_review,,priority_gambling_review,Contains gambling-related keyword,,,,1,0,978.0,1,1,1,,,
kingjackpot.co.uk,0,,priority_review,,priority_gambling_review,Contains gambling-related keyword,,,,1,0,7076.0,1,1,1,,,
lavbet321.com,1,,priority_review,,priority_gambling_review,Contains gambling-related keyword,,,,1,0,156.0,1,0,0,,,
devrebet71.com,1,,priority_review,,priority_gambling_review,Contains gambling-related keyword,,,,1,0,0.0,0,0,1,,,
win-login-888.vip,1,,priority_review,,priority_gambling_review,Contains gambling-related keyword,,,,1,0,0.0,0,0,0,,,
poker-verify-777.site,1,,priority_review,,priority_gambling_review,Contains gambling-related keyword,,,,1,1,0.0,0,0,0,,,
777pub.org,1,,priority_review,,priority_gambling_review,Contains gambling-related keyword,,,,1,0,1388.0,1,0,1,,,
casino-888.club,1,,priority_review,,priority_gambling_review,Contains gambling-related keyword,,,,1,1,1594.0,1,1,1,,,
betperial32.com,1,,priority_review,,priority_gambling_review,Contains gambling-related keyword,,,,1,0,0.0,0,0,1,,,
quickbet.co.uk,0,,priority_review,,priority_gambling_review,Contains gambling-related keyword,,,,1,0,3477.0,1,1,1,,,
bet66.in,1,,priority_review,,priority_gambling_review,Contains gambling-related keyword,,,,1,0,1550.0,1,1,1,,,
php777.com,0,,priority_review,,priority_gambling_review,Contains gambling-related keyword,,,,1,0,3700.0,1,0,1,,,
casino1bet.online,1,,priority_review,,priority_gambling_review,Contains gambling-related keyword,,,,1,1,442.0,1,0,0,,,
sunny-casino.net,1,,priority_review,,priority_gambling_review,Contains gambling-related keyword,,,,1,0,0.0,0,0,0,,,
jackpotstar.com,0,,priority_review,,priority_gambling_review,Contains gambling-related keyword,,,,1,0,8460.0,1,1,1,,,
epicwin.vip,1,,priority_review,,priority_gambling_review,Contains gambling-related keyword,,,,1,0,0.0,0,0,0,,,
slotsmagic.co.uk,0,,priority_review,,priority_gambling_review,Contains gambling-related keyword,,,,1,0,4847.0,1,1,1,,,
palmsbet1.com,1,,priority_review,,priority_gambling_review,Contains gambling-related keyword,,,,1,0,597.0,1,0,1,,,
ekolbet164.com,1,,priority_review,,priority_gambling_review,Contains gambling-related keyword,,,,1,0,0.0,0,0,1,,,
hermes-bets.net,1,,priority_review,,priority_gambling_review,Contains gambling-related keyword,,,,1,0,0.0,0,0,0,,,
win-secure-888.pro,1,,priority_review,,priority_gambling_review,Contains gambling-related keyword,,,,1,0,0.0,0,0,0,,,
betalltimes.com,1,,priority_review,,priority_gambling_review,Contains gambling-related keyword,,,,1,0,0.0,0,0,0,,,
freebettingreviews.com,1,,priority_review,,priority_gambling_review,Contains gambling-related keyword,,,,1,0,2217.0,1,0,1,,,
betsmoveguncel.com,1,,priority_review,,priority_gambling_review,Contains gambling-related keyword,,,,1,0,1425.0,1,0,0,,,
greatway-casino.net,1,,priority_review,,priority_gambling_review,Contains gambling-related keyword,,,,1,0,0.0,0,0,0,,,
jackpotcity.ph,0,,priority_review,,priority_gambling_review,Contains gambling-related keyword,,,,1,0,0.0,0,0,0,,,
betsolid.com,0,,priority_review,,priority_gambling_review,Contains gambling-related keyword,,,,1,0,1999.0,1,1,1,,,
win-login-365.vip,1,,priority_review,,priority_gambling_review,Contains gambling-related keyword,,,,1,0,0.0,0,0,0,,,
betrupi165.com,1,,priority_review,,priority_gambling_review,Contains gambling-related keyword,,,,1,0,0.0,0,0,1,,,
lakijackpot.com,0,,priority_review,,priority_gambling_review,Contains gambling-related keyword,,,,1,0,774.0,1,1,1,,,
pisogame.bet,0,,priority_review,,priority_gambling_review,Contains gambling-related keyword,,,,1,0,0.0,0,1,1,,,
white-casino.net,1,,priority_review,,priority_gambling_review,Contains gambling-related keyword,,,,1,0,0.0,0,0,0,,,
win-verify-365.pro,1,,priority_review,,priority_gambling_review,Contains gambling-related keyword,,,,1,0,0.0,0,0,0,,,
diyarbet120.com,1,,priority_review,,priority_gambling_review,Contains gambling-related keyword,,,,1,0,0.0,0,0,1,,,
bcasino.ph,0,,priority_review,,priority_gambling_review,Contains gambling-related keyword,,,,1,0,0.0,0,0,1,,,
bet365bby.com,1,,priority_review,,priority_gambling_review,Contains gambling-related keyword,,,,1,0,603.0,1,0,0,,,
betbingo.com,0,,priority_review,,priority_gambling_review,Contains gambling-related keyword,,,,1,0,10857.0,1,1,1,,,
phoeniciancasino.co.uk,0,,priority_review,,priority_gambling_review,Contains gambling-related keyword,,,,1,0,5114.0,1,0,1,,,
poker-login-777.win,1,,priority_review,,priority_gambling_review,Contains gambling-related keyword,,,,1,0,0.0,0,0,0,,,
slotlar777.com,1,,priority_review,,priority_gambling_review,Contains gambling-related keyword,,,,1,0,0.0,0,0,0,,,
uwin957.cc,1,,priority_review,,priority_gambling_review,Contains gambling-related keyword,,,,1,0,287.0,1,0,0,,,
bet88.vip,0,,priority_review,,priority_gambling_review,Contains gambling-related keyword,,,,1,0,160.0,1,1,1,,,
casinomalta.com.mt,0,,priority_review,,priority_gambling_review,Contains gambling-related keyword,,,,1,0,0.0,0,1,1,,,
win-secure-24.pro,1,,priority_review,,priority_gambling_review,Contains gambling-related keyword,,,,1,0,0.0,0,0,0,,,
1x-casino.net,1,,priority_review,,priority_gambling_review,Contains gambling-related keyword,,,,1,0,59.0,1,1,1,,,
vulcan-bet.net,1,,priority_review,,priority_gambling_review,Contains gambling-related keyword,,,,1,0,0.0,0,0,0,,,
betvadi117.com,1,,priority_review,,priority_gambling_review,Contains gambling-related keyword,,,,1,0,0.0,0,0,1,,,
gerbet.ope-11708.pro,1,,priority_review,,priority_gambling_review,Contains gambling-related keyword,,,,1,0,0.0,0,0,0,,,
casino-friday.at,1,,priority_review,,priority_gambling_review,Contains gambling-related keyword,,,,1,0,0.0,0,0,0,,,
casinowin.bet,1,,priority_review,,priority_gambling_review,Contains gambling-related keyword,,,,1,0,0.0,0,1,1,,,
betfree.io,0,,priority_review,,priority_gambling_review,Contains gambling-related keyword,,,,1,0,1058.0,1,1,1,,,
vegas-casino.online,1,,priority_review,,priority_gambling_review,Contains gambling-related keyword,,,,1,1,1703.0,1,1,1,,,
winner-bet.com,1,,priority_review,,priority_gambling_review,Contains gambling-related keyword,,,,1,0,4134.0,1,0,1,,,
casino-azino777.com,1,,priority_review,,priority_gambling_review,Contains gambling-related keyword,,,,1,0,1710.0,1,0,1,,,
luckymatecasino.co.uk,0,,priority_review,,priority_gambling_review,Contains gambling-related keyword,,,,1,0,999.0,1,0,1,,,
bet-verify-888.live,1,,priority_review,,priority_gambling_review,Contains gambling-related keyword,,,,1,0,0.0,0,0,0,,,
slot-hunter.at,1,,priority_review,,priority_gambling_review,Contains gambling-related keyword,,,,1,0,0.0,0,1,1,,,
ekolbet,1,,priority_review,,priority_gambling_review,Contains gambling-related keyword,,,,1,0,0.0,0,0,0,,,
winz.ph,0,,priority_review,,priority_gambling_review,Contains gambling-related keyword,,,,1,0,0.0,0,0,1,,,
goldjapan-casino.com,1,,priority_review,,priority_gambling_review,Contains gambling-related keyword,,,,1,0,1055.0,1,0,0,,,
slot-bonus-365.buzz,1,,priority_review,,priority_gambling_review,Contains gambling-related keyword,,,,1,0,0.0,0,0,0,,,
bet-verify-365.live,1,,priority_review,,priority_gambling_review,Contains gambling-related keyword,,,,1,0,0.0,0,0,0,,,
slot-win-888.online,1,,priority_review,,priority_gambling_review,Contains gambling-related keyword,,,,1,1,0.0,0,0,0,,,
jcasino.club,1,,priority_review,,priority_gambling_review,Contains gambling-related keyword,,,,1,1,0.0,0,0,0,,,
bwin8998.com,1,,priority_review,,priority_gambling_review,Contains gambling-related keyword,,,,1,0,0.0,0,0,0,,,
betstars888.com,1,,priority_review,,priority_gambling_review,Contains gambling-related keyword,,,,1,0,0.0,0,0,0,,,
joy-casino24.cc,1,,priority_review,,priority_gambling_review,Contains gambling-related keyword,,,,1,0,0.0,0,0,0,,,
betocean.com,0,,priority_review,,priority_gambling_review,Contains gambling-related keyword,,,,1,0,3972.0,1,1,1,,,
poker-secure-365.win,1,,priority_review,,priority_gambling_review,Contains gambling-related keyword,,,,1,0,0.0,0,0,0,,,
blingwin.link,0,,priority_review,,priority_gambling_review,Contains gambling-related keyword,,,,1,0,0.0,0,0,1,,,
deskwin.com,0,,priority_review,,priority_gambling_review,Contains gambling-related keyword,,,,1,0,2123.0,1,1,1,,,
prizewin.ph,0,,priority_review,,priority_gambling_review,Contains gambling-related keyword,,,,1,0,0.0,0,1,1,,,
slot-free-365.online,1,,priority_review,,priority_gambling_review,Contains gambling-related keyword,,,,1,1,0.0,0,0,0,,,
cherrywins.com,0,,priority_review,,priority_gambling_review,Contains gambling-related keyword,,,,1,0,3090.0,1,1,1,,,
slotsaces.net,1,,priority_review,,priority_gambling_review,Contains gambling-related keyword,,,,1,0,898.0,1,0,1,,,
dragonaracasino.com,0,,priority_review,,priority_gambling_review,Contains gambling-related keyword,,,,1,0,6013.0,1,0,1,,,
1x-bet.co,1,,priority_review,,priority_gambling_review,Contains gambling-related keyword,,,,1,0,275.0,1,0,0,,,
poker-free-24.win,1,,priority_review,,priority_gambling_review,Contains gambling-related keyword,,,,1,0,0.0,0,0,0,,,
bnrurabetegt.biz.site,1,,priority_review,,priority_gambling_review,Contains gambling-related keyword,,,,1,1,1996.0,1,0,0,,,
blingwin.net,0,,priority_review,,priority_gambling_review,Contains gambling-related keyword,,,,1,0,0.0,0,0,1,,,
m.betboro.co.uk,0,,priority_review,,priority_gambling_review,Contains gambling-related keyword,,,,1,0,3806.0,1,1,1,,,
cockfightbet.cc,1,,priority_review,,priority_gambling_review,Contains gambling-related keyword,,,,1,0,1910.0,1,0,1,,,
bybet.co,0,,priority_review,,priority_gambling_review,Contains gambling-related keyword,,,,1,0,566.0,1,1,1,,,
win-free-777.vip,1,,priority_review,,priority_gambling_review,Contains gambling-related keyword,,,,1,0,0.0,0,0,0,,,
malta-casino.com,1,,priority_review,,priority_gambling_review,Contains gambling-related keyword,,,,1,0,1880.0,1,1,1,,,
kaguraslot777.com,1,,priority_review,,priority_gambling_review,Contains gambling-related keyword,,,,1,0,0.0,0,0,1,,,
12wincasino.net,1,,priority_review,,priority_gambling_review,Contains gambling-related keyword,,,,1,0,4092.0,1,1,1,,,
poker-account-777.site,1,,priority_review,,priority_gambling_review,Contains gambling-related keyword,,,,1,1,0.0,0,0,0,,,
mix4bet.ie,0,,priority_review,,priority_gambling_review,Contains gambling-related keyword,,,,1,0,872.0,1,1,1,,,
poker-login-888.win,1,,priority_review,,priority_gambling_review,Contains gambling-related keyword,,,,1,0,0.0,0,0,0,,,
lotus303.casino,1,,priority_review,,priority_gambling_review,Contains gambling-related keyword,,,,1,0,0.0,0,0,1,,,
casino-jackpot-365.top,1,,priority_review,,priority_gambling_review,Contains gambling-related keyword,,,,1,1,0.0,0,0,0,,,
maisquebet.com,1,,priority_review,,priority_gambling_review,Contains gambling-related keyword,,,,1,0,0.0,0,0,0,,,
panaloplay777.com,0,,priority_review,,priority_gambling_review,Contains gambling-related keyword,,,,1,0,509.0,1,0,0,,,
bet-jackpot-888.xyz,1,,priority_review,,priority_gambling_review,Contains gambling-related keyword,,,,1,1,0.0,0,0,0,,,
casino-secure-777.click,1,,priority_review,,priority_gambling_review,Contains gambling-related keyword,,,,1,0,0.0,0,0,0,,,
365winner.asia,1,,priority_review,,priority_gambling_review,Contains gambling-related keyword,,,,1,0,1058.0,1,0,1,,,
casino-arcade.com,1,,priority_review,,priority_gambling_review,Contains gambling-related keyword,,,,1,0,254.0,1,1,1,,,
black-white-casino.com,1,,priority_review,,priority_gambling_review,Contains gambling-related keyword,,,,1,0,0.0,0,0,0,,,
dogobet,1,,priority_review,,priority_gambling_review,Contains gambling-related keyword,,,,1,0,0.0,0,0,0,,,
juan365.win,0,,priority_review,,priority_gambling_review,Contains gambling-related keyword,,,,1,0,404.0,1,1,1,,,
betso88.ph,1,,priority_review,,priority_gambling_review,Contains gambling-related keyword,,,,1,0,0.0,0,0,1,,,
betsound39.com,1,,priority_review,,priority_gambling_review,Contains gambling-related keyword,,,,1,0,0.0,0,0,1,,,
bet-secure-888.live,1,,priority_review,,priority_gambling_review,Contains gambling-related keyword,,,,1,0,0.0,0,0,0,,,
replay-casino.net,1,,priority_review,,priority_gambling_review,Contains gambling-related keyword,,,,1,0,0.0,0,0,0,,,
betxbahis.com,1,,priority_review,,priority_gambling_review,Contains gambling-related keyword,,,,1,0,282.0,1,0,0,,,
casinoburada250.com,1,,priority_review,,priority_gambling_review,Contains gambling-related keyword,,,,1,0,0.0,0,0,0,,,
1x-bet.in,1,,priority_review,,priority_gambling_review,Contains gambling-related keyword,,,,1,0,1214.0,1,1,1,,,
betwien.com,1,,priority_review,,priority_gambling_review,Contains gambling-related keyword,,,,1,0,110.0,1,0,0,,,
adaxbet246.com,1,,priority_review,,priority_gambling_review,Contains gambling-related keyword,,,,1,0,0.0,0,0,0,,,
betowen.com,1,,priority_review,,priority_gambling_review,Contains gambling-related keyword,,,,1,0,3104.0,1,0,0,,,
ebet.agency,1,,priority_review,,priority_gambling_review,Contains gambling-related keyword,,,,1,0,0.0,0,0,0,,,
comebetvn4.com,1,,priority_review,,priority_gambling_review,Contains gambling-related keyword,,,,1,0,0.0,0,0,0,,,
avvabet,1,,priority_review,,priority_gambling_review,Contains gambling-related keyword,,,,1,0,0.0,0,0,0,,,
casinoviva279.com,1,,priority_review,,priority_gambling_review,Contains gambling-related keyword,,,,1,0,0.0,0,0,0,,,
casino-account-888.click,1,,priority_review,,priority_gambling_review,Contains gambling-related keyword,,,,1,0,0.0,0,0,0,,,
cricketbetbd.com,1,,priority_review,,priority_gambling_review,Contains gambling-related keyword,,,,1,0,361.0,1,1,1,,,
8558win.com,1,,priority_review,,priority_gambling_review,Contains gambling-related keyword,,,,1,0,0.0,0,0,0,,,
win7979.com,1,,priority_review,,priority_gambling_review,Contains gambling-related keyword,,,,1,0,842.0,1,1,1,,,
greatbet.co.uk,0,,priority_review,,priority_gambling_review,Contains gambling-related keyword,,,,1,0,3474.0,1,1,1,,,
1k8bet,1,,priority_review,,priority_gambling_review,Contains gambling-related keyword,,,,1,0,0.0,0,0,0,,,
egibet103.com,1,,priority_review,,priority_gambling_review,Contains gambling-related keyword,,,,1,0,0.0,0,0,0,,,
blingwin.co,0,,priority_review,,priority_gambling_review,Contains gambling-related keyword,,,,1,0,0.0,0,0,1,,,
huhubet665.com,1,,priority_review,,priority_gambling_review,Contains gambling-related keyword,,,,1,0,0.0,0,0,0,,,
most-bet.top,1,,priority_review,,priority_gambling_review,Contains gambling-related keyword,,,,1,1,94.0,1,1,1,,,
bzeebet.com,0,,priority_review,,priority_gambling_review,Contains gambling-related keyword,,,,1,0,1416.0,1,0,1,,,
arcticbet.com,0,,priority_review,,priority_gambling_review,Contains gambling-related keyword,,,,1,0,1027.0,1,1,1,,,
betnef369.com,1,,priority_review,,priority_gambling_review,Contains gambling-related keyword,,,,1,0,0.0,0,0,1,,,
bet88.stream,0,,priority_review,,priority_gambling_review,Contains gambling-related keyword,,,,1,0,1053.0,1,1,1,,,
wheeloffortunecasino.com,0,,priority_review,,priority_gambling_review,Contains gambling-related keyword,,,,1,0,3176.0,1,0,1,,,
joker777.net,1,,priority_review,,priority_gambling_review,Contains gambling-related keyword,,,,1,0,2557.0,1,1,1,,,
hipercasino889.com,1,,priority_review,,priority_gambling_review,Contains gambling-related keyword,,,,1,0,0.0,0,0,1,,,
betonego.com,1,,priority_review,,priority_gambling_review,Contains gambling-related keyword,,,,1,0,937.0,1,0,1,,,
jackpotvulcan.com,1,,priority_review,,priority_gambling_review,Contains gambling-related keyword,,,,1,0,1256.0,1,1,1,,,
bet-login-777.xyz,1,,priority_review,,priority_gambling_review,Contains gambling-related keyword,,,,1,1,0.0,0,0,0,,,
raisebet24.com,1,,priority_review,,priority_gambling_review,Contains gambling-related keyword,,,,1,0,1724.0,1,0,0,,,
betmod90.com,1,,priority_review,,priority_gambling_review,Contains gambling-related keyword,,,,1,0,0.0,0,0,0,,,
joy-casino.in,1,,priority_review,,priority_gambling_review,Contains gambling-related keyword,,,,1,0,0.0,0,0,0,,,
slotvocalnocasheu.vip,1,,priority_review,,priority_gambling_review,Contains gambling-related keyword,,,,1,0,109.0,1,0,1,,,
adaxbet,1,,priority_review,,priority_gambling_review,Contains gambling-related keyword,,,,1,0,0.0,0,0,0,,,
casinoeye.com,0,,priority_review,,priority_gambling_review,Contains gambling-related keyword,,,,1,0,8086.0,1,1,1,,,
bet365vnn.com,1,,priority_review,,priority_gambling_review,Contains gambling-related keyword,,,,1,0,496.0,1,1,1,,,
slotsroyale.co.uk,0,,priority_review,,priority_gambling_review,Contains gambling-related keyword,,,,1,0,2365.0,1,1,1,,,
bigwin668.com,1,,priority_review,,priority_gambling_review,Contains gambling-related keyword,,,,1,0,2061.0,1,0,0,,,
sportsbet.mgame.ph,0,,priority_review,,priority_gambling_review,Contains gambling-related keyword,,,,1,0,0.0,0,1,1,,,
casino-free-777.click,1,,priority_review,,priority_gambling_review,Contains gambling-related keyword,,,,1,0,0.0,0,0,0,,,
bigwin99.net,1,,priority_review,,priority_gambling_review,Contains gambling-related keyword,,,,1,0,0.0,0,0,1,,,
win1212.com,1,,priority_review,,priority_gambling_review,Contains gambling-related keyword,,,,1,0,13.0,1,0,0,,,
bwin98.com,1,,priority_review,,priority_gambling_review,Contains gambling-related keyword,,,,1,0,3227.0,1,0,1,,,
jackpotcombo.com,0,,priority_review,,priority_gambling_review,Contains gambling-related keyword,,,,1,0,528.0,1,1,1,,,
royalvalleycasino.com,0,,priority_review,,priority_gambling_review,Contains gambling-related keyword,,,,1,0,2070.0,1,1,1,,,
blingwin.me,0,,priority_review,,priority_gambling_review,Contains gambling-related keyword,,,,1,0,491.0,1,0,1,,,
bwin6996.com,1,,priority_review,,priority_gambling_review,Contains gambling-related keyword,,,,1,0,0.0,0,0,0,,,
slot-bonus-777.buzz,1,,priority_review,,priority_gambling_review,Contains gambling-related keyword,,,,1,0,0.0,0,0,0,,,
jackpotcitycasino-uk.uk,1,,priority_review,,priority_gambling_review,Contains gambling-related keyword,,,,1,0,156.0,1,1,1,,,
bet-account-777.xyz,1,,priority_review,,priority_gambling_review,Contains gambling-related keyword,,,,1,1,0.0,0,0,0,,,
cashwin,1,,priority_review,,priority_gambling_review,Contains gambling-related keyword,,,,1,0,0.0,0,0,0,,,
casinoburada204.com,1,,priority_review,,priority_gambling_review,Contains gambling-related keyword,,,,1,0,516.0,1,0,1,,,
birinicibet2.com,1,,priority_review,,priority_gambling_review,Contains gambling-related keyword,,,,1,0,0.0,0,0,0,,,
explosionbet.com,1,,priority_review,,priority_gambling_review,Contains gambling-related keyword,,,,1,0,0.0,0,0,0,,,
betsson.co.uk,0,,priority_review,,priority_gambling_review,Contains gambling-related keyword,,,,1,0,6454.0,1,1,1,,,
24grandcasino.com,1,,priority_review,,priority_gambling_review,Contains gambling-related keyword,,,,1,0,4589.0,1,0,1,,,
jadedsportsbet.com,0,,priority_review,,priority_gambling_review,Contains gambling-related keyword,,,,1,0,0.0,0,0,0,,,
747.casino,1,,priority_review,,priority_gambling_review,Contains gambling-related keyword,,,,1,0,0.0,0,0,1,,,
slot-login-777.buzz,1,,priority_review,,priority_gambling_review,Contains gambling-related keyword,,,,1,0,0.0,0,0,0,,,
bestbetss2u.com,1,,priority_review,,priority_gambling_review,Contains gambling-related keyword,,,,1,0,0.0,0,0,1,,,
bet33.in,1,,priority_review,,priority_gambling_review,Contains gambling-related keyword,,,,1,0,1507.0,1,1,1,,,
1-xbet.in,1,,priority_review,,priority_gambling_review,Contains gambling-related keyword,,,,1,0,1870.0,1,0,1,,,
rekabet.eu,1,,priority_review,,priority_gambling_review,Contains gambling-related keyword,,,,1,0,0.0,0,0,0,,,
ibet1x2.com,1,,priority_review,,priority_gambling_review,Contains gambling-related keyword,,,,1,0,0.0,0,0,0,,,
bet368.in,1,,priority_review,,priority_gambling_review,Contains gambling-related keyword,,,,1,0,0.0,0,0,0,,,
bosswd777,1,,priority_review,,priority_gambling_review,Contains gambling-related keyword,,,,1,0,0.0,0,0,0,,,
bet-bonus-365.live,1,,priority_review,,priority_gambling_review,Contains gambling-related keyword,,,,1,0,0.0,0,0,0,,,
betmarlo539.com,1,,priority_review,,priority_gambling_review,Contains gambling-related keyword,,,,1,0,0.0,0,0,1,,,
dafabet,1,,priority_review,,priority_gambling_review,Contains gambling-related keyword,,,,1,0,0.0,0,0,0,,,
kodabet.com,0,,priority_review,,priority_gambling_review,Contains gambling-related keyword,,,,1,0,415.0,1,1,1,,,
bybet.ph,0,,priority_review,,priority_gambling_review,Contains gambling-related keyword,,,,1,0,0.0,0,1,1,,,
nustar.ph,0,,needs_review,,weak_benign_candidate,Appears in Tranco Top 1M,149357.0,nustar.ph,exact,0,0,0.0,0,0,1,,,
booming-games.com,0,,needs_review,,weak_benign_candidate,Appears in Tranco Top 1M,162964.0,booming-games.com,exact,0,0,4191.0,1,0,1,,,
redrakegaming.com,0,,needs_review,,weak_benign_candidate,Appears in Tranco Top 1M,168742.0,redrakegaming.com,exact,0,0,3862.0,1,0,1,,,
ghostmshop.mgame.com,0,,needs_review,,weak_benign_candidate,Appears in Tranco Top 1M,197018.0,mgame.com,parent_domain,0,0,9650.0,1,1,1,,,
noc.mgame.com,0,,needs_review,,weak_benign_candidate,Appears in Tranco Top 1M,197018.0,mgame.com,parent_domain,0,0,9650.0,1,0,0,,,
ghostss.mgame.com,0,,needs_review,,weak_benign_candidate,Appears in Tranco Top 1M,197018.0,mgame.com,parent_domain,0,0,9650.0,1,0,1,,,
mgame.com,0,,needs_review,,weak_benign_candidate,Appears in Tranco Top 1M,197018.0,mgame.com,exact,0,0,9650.0,1,1,1,,,
red.mgame.com,0,,needs_review,,weak_benign_candidate,Appears in Tranco Top 1M,197018.0,mgame.com,parent_domain,0,0,9650.0,1,0,1,,,
relax-gaming.com,0,,needs_review,,weak_benign_candidate,Appears in Tranco Top 1M,201697.0,relax-gaming.com,exact,0,0,5421.0,1,1,1,,,
endorphina.com,0,,needs_review,,weak_benign_candidate,Appears in Tranco Top 1M,210784.0,endorphina.com,exact,0,0,4609.0,1,0,1,,,
linqapp.com,1,,needs_review,,weak_benign_candidate,Appears in Tranco Top 1M,233414.0,linqapp.com,exact,0,0,5044.0,1,0,1,,,
evolutiongaming.com,0,,needs_review,,weak_benign_candidate,Appears in Tranco Top 1M,290820.0,evolutiongaming.com,exact,0,0,8067.0,1,1,1,,,
spinomenal.io,0,,needs_review,,weak_benign_candidate,Appears in Tranco Top 1M,549059.0,spinomenal.io,exact,0,0,2247.0,1,0,1,,,
eeze.com,0,,needs_review,,weak_benign_candidate,Appears in Tranco Top 1M,562493.0,eeze.com,exact,0,0,8310.0,1,1,1,,,
pokerstarsnj.com,0,,needs_review,,weak_benign_candidate,Appears in Tranco Top 1M,579831.0,pokerstarsnj.com,exact,0,0,4829.0,1,1,1,,,
nj.playstar.com,0,,needs_review,,weak_benign_candidate,Appears in Tranco Top 1M,704022.0,playstar.com,parent_domain,0,0,7847.0,1,0,1,,,
z8.com,1,,needs_review,,weak_benign_candidate,Appears in Tranco Top 1M,852883.0,z8.com,exact,0,0,10478.0,1,1,1,,,
mga.games,1,,needs_review,,weak_benign_candidate,Appears in Tranco Top 1M,870924.0,mga.games,exact,0,0,0.0,0,1,1,,,
fruitkings.com,0,,needs_review,,weak_benign_candidate,Appears in Tranco Top 1M,903173.0,fruitkings.com,exact,0,0,7465.0,1,1,1,,,
fbm8sm.com,1,,needs_review,,needs_manual_review,No gambling-list match and no Tranco match,,,,0,0,0.0,0,0,0,,,
arenapluspro.com,0,,needs_review,,needs_manual_review,No gambling-list match and no Tranco match,,,,0,0,367.0,1,1,1,,,
efc88.com,1,,needs_review,,needs_manual_review,No gambling-list match and no Tranco match,,,,0,0,1157.0,1,0,1,,,
greendrg8.com,1,,needs_review,,needs_manual_review,No gambling-list match and no Tranco match,,,,0,0,0.0,0,0,0,,,
cashsweep1.com,1,,needs_review,,needs_manual_review,No gambling-list match and no Tranco match,,,,0,0,1057.0,1,0,1,,,
ob9myr.com,1,,needs_review,,needs_manual_review,No gambling-list match and no Tranco match,,,,0,0,0.0,0,0,0,,,
spellandet.net,1,,needs_review,,needs_manual_review,No gambling-list match and no Tranco match,,,,0,0,2935.0,1,1,1,,,
juanmate.ph,0,,needs_review,,needs_manual_review,No gambling-list match and no Tranco match,,,,0,0,0.0,0,1,1,,,
juan365.online,0,,needs_review,,needs_manual_review,No gambling-list match and no Tranco match,,,,0,1,404.0,1,1,1,,,
playfortunegrand.com,1,,needs_review,,needs_manual_review,No gambling-list match and no Tranco match,,,,0,0,182.0,1,1,1,,,
premium.com,0,,needs_review,,needs_manual_review,No gambling-list match and no Tranco match,,,,0,0,11315.0,1,1,1,,,
ww88zz.vip,1,,needs_review,,needs_manual_review,No gambling-list match and no Tranco match,,,,0,0,0.0,0,0,0,,,
zolotojarbuz.com,1,,needs_review,,needs_manual_review,No gambling-list match and no Tranco match,,,,0,0,0.0,0,0,0,,,
luckybunny.ph,0,,needs_review,,needs_manual_review,No gambling-list match and no Tranco match,,,,0,0,0.0,0,1,1,,,
kawskaws11.com,1,,needs_review,,needs_manual_review,No gambling-list match and no Tranco match,,,,0,0,0.0,0,0,1,,,
burgerking2u.com,1,,needs_review,,needs_manual_review,No gambling-list match and no Tranco match,,,,0,0,0.0,0,0,1,,,
nagacash9x.com,1,,needs_review,,needs_manual_review,No gambling-list match and no Tranco match,,,,0,0,441.0,1,1,1,,,
alivate.io,0,,needs_review,,needs_manual_review,No gambling-list match and no Tranco match,,,,0,0,502.0,1,1,1,,,
ww88ww.vip,1,,needs_review,,needs_manual_review,No gambling-list match and no Tranco match,,,,0,0,0.0,0,0,0,,,
lucky-play.net,1,,needs_review,,needs_manual_review,No gambling-list match and no Tranco match,,,,0,0,743.0,1,0,0,,,
ftrgame.sgph123.com,1,,needs_review,,needs_manual_review,No gambling-list match and no Tranco match,,,,0,0,0.0,0,0,1,,,
kn8vn.com,1,,needs_review,,needs_manual_review,No gambling-list match and no Tranco match,,,,0,0,72.0,1,0,1,,,
gamezone.com.ph,0,,needs_review,,needs_manual_review,No gambling-list match and no Tranco match,,,,0,0,0.0,0,1,1,,,
frankglass.com,1,,needs_review,,needs_manual_review,No gambling-list match and no Tranco match,,,,0,0,411.0,1,0,0,,,
maltakasino.com,1,,needs_review,,needs_manual_review,No gambling-list match and no Tranco match,,,,0,0,1220.0,1,1,1,,,
ww88yy.vip,1,,needs_review,,needs_manual_review,No gambling-list match and no Tranco match,,,,0,0,0.0,0,0,0,,,
pisogame.vip,0,,needs_review,,needs_manual_review,No gambling-list match and no Tranco match,,,,0,0,29.0,1,0,0,,,
fbmgame.online,0,,needs_review,,needs_manual_review,No gambling-list match and no Tranco match,,,,0,1,45.0,1,1,1,,,
playxfortuna.com,1,,needs_review,,needs_manual_review,No gambling-list match and no Tranco match,,,,0,0,143.0,1,1,1,,,
blogib3919.com,1,,needs_review,,needs_manual_review,No gambling-list match and no Tranco match,,,,0,0,0.0,0,0,0,,,
bossbunny.ph,0,,needs_review,,needs_manual_review,No gambling-list match and no Tranco match,,,,0,0,0.0,0,1,1,,,
139.59.223.220,1,,needs_review,,needs_manual_review,No gambling-list match and no Tranco match,,,,0,0,0.0,0,0,1,,,
paywayglobal.com,1,,needs_review,,needs_manual_review,No gambling-list match and no Tranco match,,,,0,0,0.0,0,0,0,,,
19msia.com,1,,needs_review,,needs_manual_review,No gambling-list match and no Tranco match,,,,0,0,0.0,0,0,0,,,
bw988.net,1,,needs_review,,needs_manual_review,No gambling-list match and no Tranco match,,,,0,0,2061.0,1,0,0,,,
1xqqsite.com,1,,needs_review,,needs_manual_review,No gambling-list match and no Tranco match,,,,0,0,0.0,0,0,1,,,
nkryu17dc.com,1,,needs_review,,needs_manual_review,No gambling-list match and no Tranco match,,,,0,0,484.0,1,0,1,,,
spinnerikasino.com,0,,needs_review,,needs_manual_review,No gambling-list match and no Tranco match,,,,0,0,334.0,1,0,1,,,
line35266.com,1,,needs_review,,needs_manual_review,No gambling-list match and no Tranco match,,,,0,0,0.0,0,0,1,,,
juan365.ph,0,,needs_review,,needs_manual_review,No gambling-list match and no Tranco match,,,,0,0,0.0,0,1,1,,,
123bingo.ph,0,,needs_review,,needs_manual_review,No gambling-list match and no Tranco match,,,,0,0,0.0,0,1,1,,,
thesecretsocietyxx.com,1,,needs_review,,needs_manual_review,No gambling-list match and no Tranco match,,,,0,0,169.0,1,1,1,,,
nagacash9b.homes,1,,needs_review,,needs_manual_review,No gambling-list match and no Tranco match,,,,0,0,440.0,1,0,0,,,
luckytaya.ph,0,,needs_review,,needs_manual_review,No gambling-list match and no Tranco match,,,,0,0,0.0,0,0,1,,,
pocketaces-sp.ph,0,,needs_review,,needs_manual_review,No gambling-list match and no Tranco match,,,,0,0,0.0,0,1,1,,,
laviergp.com,0,,needs_review,,needs_manual_review,No gambling-list match and no Tranco match,,,,0,0,866.0,1,0,1,,,
livebid.in,1,,needs_review,,needs_manual_review,No gambling-list match and no Tranco match,,,,0,0,2471.0,1,0,0,,,
jbac001.org,1,,needs_review,,needs_manual_review,No gambling-list match and no Tranco match,,,,0,0,0.0,0,1,1,,,
ray097.com,1,,needs_review,,needs_manual_review,No gambling-list match and no Tranco match,,,,0,0,1803.0,1,1,1,,,
wowgames.app,0,,needs_review,,needs_manual_review,No gambling-list match and no Tranco match,,,,0,0,0.0,0,1,1,,,
casipol,1,,needs_review,,needs_manual_review,No gambling-list match and no Tranco match,,,,0,0,0.0,0,0,0,,,
1club1way.com,1,,needs_review,,needs_manual_review,No gambling-list match and no Tranco match,,,,0,0,0.0,0,0,0,,,
boss365au.com,1,,needs_review,,needs_manual_review,No gambling-list match and no Tranco match,,,,0,0,678.0,1,0,1,,,
berlian33.club,1,,needs_review,,needs_manual_review,No gambling-list match and no Tranco match,,,,0,1,1353.0,1,0,1,,,
fortunelink.com.ph,0,,needs_review,,needs_manual_review,No gambling-list match and no Tranco match,,,,0,0,0.0,0,0,1,,,
god55.company,1,,needs_review,,needs_manual_review,No gambling-list match and no Tranco match,,,,0,0,0.0,0,1,1,,,
istanacuan.us,1,,needs_review,,needs_manual_review,No gambling-list match and no Tranco match,,,,0,0,0.0,0,0,1,,,
panaloplay.ph,0,,needs_review,,needs_manual_review,No gambling-list match and no Tranco match,,,,0,0,0.0,0,1,1,,,
arenapluspro.net,0,,needs_review,,needs_manual_review,No gambling-list match and no Tranco match,,,,0,0,367.0,1,1,1,,,
lv666,1,,needs_review,,needs_manual_review,No gambling-list match and no Tranco match,,,,0,0,0.0,0,0,0,,,
va-va-da.club,1,,needs_review,,needs_manual_review,No gambling-list match and no Tranco match,,,,0,1,0.0,0,0,0,,,
juan365.app,0,,needs_review,,needs_manual_review,No gambling-list match and no Tranco match,,,,0,0,0.0,0,0,1,,,
vipking.ph,0,,needs_review,,needs_manual_review,No gambling-list match and no Tranco match,,,,0,0,0.0,0,0,1,,,
poshbingo.co.uk,0,,needs_review,,needs_manual_review,No gambling-list match and no Tranco match,,,,0,0,7215.0,1,1,1,,,
vavadahades.com,1,,needs_review,,needs_manual_review,No gambling-list match and no Tranco match,,,,0,0,55.0,1,1,1,,,
bongo.io,0,,needs_review,,needs_manual_review,No gambling-list match and no Tranco match,,,,0,0,1676.0,1,1,1,,,
casipol409.com,1,,needs_review,,needs_manual_review,No gambling-list match and no Tranco match,,,,0,0,0.0,0,0,1,,,
rlivegame.net,0,,needs_review,,needs_manual_review,No gambling-list match and no Tranco match,,,,0,0,0.0,0,1,1,,,
alpha66.shop,1,,needs_review,,needs_manual_review,No gambling-list match and no Tranco match,,,,0,0,1435.0,1,0,1,,,
ina0808.com,1,,needs_review,,needs_manual_review,No gambling-list match and no Tranco match,,,,0,0,761.0,1,1,1,,,
ugaming.com,0,,needs_review,,needs_manual_review,No gambling-list match and no Tranco match,,,,0,0,3951.0,1,0,0,,,
efc88.city,1,,needs_review,,needs_manual_review,No gambling-list match and no Tranco match,,,,0,0,0.0,0,0,1,,,
konterwd.net,1,,needs_review,,needs_manual_review,No gambling-list match and no Tranco match,,,,0,0,61.0,1,0,1,,,
caesarcrown.com,1,,needs_review,,needs_manual_review,No gambling-list match and no Tranco match,,,,0,0,1724.0,1,0,0,,,
desktaya.ph,0,,needs_review,,needs_manual_review,No gambling-list match and no Tranco match,,,,0,0,0.0,0,1,1,,,
netplaypoker.com,1,,needs_review,,needs_manual_review,No gambling-list match and no Tranco match,,,,0,0,0.0,0,0,0,,,
7ll6v.cc,1,,needs_review,,needs_manual_review,No gambling-list match and no Tranco match,,,,0,0,0.0,0,0,1,,,
badak69.co,1,,needs_review,,needs_manual_review,No gambling-list match and no Tranco match,,,,0,0,812.0,1,0,1,,,
jili88asia.com,1,,needs_review,,needs_manual_review,No gambling-list match and no Tranco match,,,,0,0,0.0,0,0,1,,,
123go.com,0,,needs_review,,needs_manual_review,No gambling-list match and no Tranco match,,,,0,0,11141.0,1,1,1,,,
rabbitreel.com,0,,needs_review,,needs_manual_review,No gambling-list match and no Tranco match,,,,0,0,3201.0,1,1,1,,,
bilyoncu.com,1,,needs_review,,needs_manual_review,No gambling-list match and no Tranco match,,,,0,0,98.0,1,0,1,,,
22funph1.com,1,,needs_review,,needs_manual_review,No gambling-list match and no Tranco match,,,,0,0,1090.0,1,0,0,,,
wowsports.ph,0,,needs_review,,needs_manual_review,No gambling-list match and no Tranco match,,,,0,0,0.0,0,1,1,,,
god55.today,1,,needs_review,,needs_manual_review,No gambling-list match and no Tranco match,,,,0,0,0.0,0,1,1,,,
pisogame.top,0,,needs_review,,needs_manual_review,No gambling-list match and no Tranco match,,,,0,1,46.0,1,0,0,,,
wuvq4.com,1,,needs_review,,needs_manual_review,No gambling-list match and no Tranco match,,,,0,0,0.0,0,0,0,,,
flexiblesport.com,1,,needs_review,,needs_manual_review,No gambling-list match and no Tranco match,,,,0,0,558.0,1,0,1,,,
alibaba66a.online,1,,needs_review,,needs_manual_review,No gambling-list match and no Tranco match,,,,0,1,1538.0,1,0,1,,,
dunia11bola.com,1,,needs_review,,needs_manual_review,No gambling-list match and no Tranco match,,,,0,0,0.0,0,0,1,,,
747live.net,1,,needs_review,,needs_manual_review,No gambling-list match and no Tranco match,,,,0,0,1666.0,1,0,1,,,
a9ty.com,1,,needs_review,,needs_manual_review,No gambling-list match and no Tranco match,,,,0,0,946.0,1,0,1,,,
deskace.com,0,,needs_review,,needs_manual_review,No gambling-list match and no Tranco match,,,,0,0,2066.0,1,1,1,,,
genieriches.com,0,,needs_review,,needs_manual_review,No gambling-list match and no Tranco match,,,,0,0,1992.0,1,0,1,,,
nustargame.com.ph,0,,needs_review,,needs_manual_review,No gambling-list match and no Tranco match,,,,0,0,0.0,0,1,1,,,
747live.asia,1,,needs_review,,needs_manual_review,No gambling-list match and no Tranco match,,,,0,0,1510.0,1,0,1,,,
y9.com,1,,needs_review,,needs_manual_review,No gambling-list match and no Tranco match,,,,0,0,10562.0,1,0,1,,,
god55.wiki,1,,needs_review,,needs_manual_review,No gambling-list match and no Tranco match,,,,0,0,0.0,0,1,1,,,
kingspin.co.uk,0,,needs_review,,needs_manual_review,No gambling-list match and no Tranco match,,,,0,0,2117.0,1,0,0,,,
hawkgaming888.com,0,,needs_review,,needs_manual_review,No gambling-list match and no Tranco match,,,,0,0,953.0,1,0,0,,,
wownumero.ph,0,,needs_review,,needs_manual_review,No gambling-list match and no Tranco match,,,,0,0,0.0,0,1,1,,,
inplay.1play.ph,0,,needs_review,,needs_manual_review,No gambling-list match and no Tranco match,,,,0,0,0.0,0,1,1,,,
texasplus.ph,0,,needs_review,,needs_manual_review,No gambling-list match and no Tranco match,,,,0,0,0.0,0,0,0,,,
ommer-automaten.nl,1,,needs_review,,needs_manual_review,No gambling-list match and no Tranco match,,,,0,0,1006.0,1,0,1,,,
ph.747live.com,0,,needs_review,,needs_manual_review,No gambling-list match and no Tranco match,,,,0,0,4631.0,1,1,1,,,
karera.live,0,,needs_review,,needs_manual_review,No gambling-list match and no Tranco match,,,,0,0,0.0,0,1,1,,,
justwow.com,0,,needs_review,,needs_manual_review,No gambling-list match and no Tranco match,,,,0,0,8557.0,1,1,1,,,
cashking8.net,1,,needs_review,,needs_manual_review,No gambling-list match and no Tranco match,,,,0,0,0.0,0,0,1,,,
tournaverse.com,0,,needs_review,,needs_manual_review,No gambling-list match and no Tranco match,,,,0,0,2025.0,1,0,1,,,
lotpetir500.net,1,,needs_review,,needs_manual_review,No gambling-list match and no Tranco match,,,,0,0,0.0,0,0,1,,,
phlove.org,1,,needs_review,,needs_manual_review,No gambling-list match and no Tranco match,,,,0,0,787.0,1,0,1,,,
747live.club,1,,needs_review,,needs_manual_review,No gambling-list match and no Tranco match,,,,0,1,1510.0,1,0,1,,,
gt01.net,1,,needs_review,,needs_manual_review,No gambling-list match and no Tranco match,,,,0,0,0.0,0,0,0,,,
s5vip.ph,0,,needs_review,,needs_manual_review,No gambling-list match and no Tranco match,,,,0,0,0.0,0,1,1,,,
koboy789.me,1,,needs_review,,needs_manual_review,No gambling-list match and no Tranco match,,,,0,0,0.0,0,0,0,,,
888amd.com,1,,needs_review,,needs_manual_review,No gambling-list match and no Tranco match,,,,0,0,249.0,1,1,1,,,
hawkgaming.com.ph,0,,needs_review,,needs_manual_review,No gambling-list match and no Tranco match,,,,0,0,0.0,0,0,0,,,
a66.today,1,,needs_review,,needs_manual_review,No gambling-list match and no Tranco match,,,,0,0,0.0,0,0,1,,,
uni99.com,1,,needs_review,,needs_manual_review,No gambling-list match and no Tranco match,,,,0,0,5876.0,1,0,1,,,
super8r.com,1,,needs_review,,needs_manual_review,No gambling-list match and no Tranco match,,,,0,0,516.0,1,0,1,,,
ey6dmx.com,1,,needs_review,,needs_manual_review,No gambling-list match and no Tranco match,,,,0,0,0.0,0,1,1,,,
novalink.com.ph,0,,needs_review,,needs_manual_review,No gambling-list match and no Tranco match,,,,0,0,0.0,0,1,1,,,
747live.biz,1,,needs_review,,needs_manual_review,No gambling-list match and no Tranco match,,,,0,0,1510.0,1,0,1,,,
amusnet.nl,0,,needs_review,,needs_manual_review,No gambling-list match and no Tranco match,,,,0,0,1087.0,1,1,1,,,
lotus365.com,1,,needs_review,,needs_manual_review,No gambling-list match and no Tranco match,,,,0,0,1573.0,1,1,1,,,
lakigames.com,0,,needs_review,,needs_manual_review,No gambling-list match and no Tranco match,,,,0,0,749.0,1,1,1,,,
wagerstreet.net,1,,needs_review,,needs_manual_review,No gambling-list match and no Tranco match,,,,0,0,649.0,1,1,1,,,
baffalo39a.com,1,,needs_review,,needs_manual_review,No gambling-list match and no Tranco match,,,,0,0,0.0,0,0,1,,,
nagacash9b.beauty,1,,needs_review,,needs_manual_review,No gambling-list match and no Tranco match,,,,0,0,411.0,1,0,0,,,
ebingo.mgame.ph,0,,needs_review,,needs_manual_review,No gambling-list match and no Tranco match,,,,0,0,0.0,0,0,1,,,
kaiyun sports,1,,needs_review,,needs_manual_review,No gambling-list match and no Tranco match,,,,0,0,0.0,0,0,0,,,
jabrixtogel.com,1,,needs_review,,needs_manual_review,No gambling-list match and no Tranco match,,,,0,0,149.0,1,0,1,,,
jumpalagi666.com,1,,needs_review,,needs_manual_review,No gambling-list match and no Tranco match,,,,0,0,652.0,1,0,1,,,
djarum89.me,1,,needs_review,,needs_manual_review,No gambling-list match and no Tranco match,,,,0,0,0.0,0,0,1,,,
918sse.com,1,,needs_review,,needs_manual_review,No gambling-list match and no Tranco match,,,,0,0,333.0,1,0,1,,,
fun-88.in,1,,needs_review,,needs_manual_review,No gambling-list match and no Tranco match,,,,0,0,1262.0,1,0,0,,,
pin77.ph,0,,needs_review,,needs_manual_review,No gambling-list match and no Tranco match,,,,0,0,0.0,0,1,1,,,
megabahis.com,1,,needs_review,,needs_manual_review,No gambling-list match and no Tranco match,,,,0,0,8694.0,1,1,1,,,
play-azart.com,1,,needs_review,,needs_manual_review,No gambling-list match and no Tranco match,,,,0,0,0.0,0,0,0,,,
bahisnov,1,,needs_review,,needs_manual_review,No gambling-list match and no Tranco match,,,,0,0,0.0,0,0,0,,,
buffalo39,1,,needs_review,,needs_manual_review,No gambling-list match and no Tranco match,,,,0,0,0.0,0,0,0,,,
bilamng.ph,1,,needs_review,,needs_manual_review,No gambling-list match and no Tranco match,,,,0,0,0.0,0,0,1,,,
c1al9.com,1,,needs_review,,needs_manual_review,No gambling-list match and no Tranco match,,,,0,0,717.0,1,1,1,,,
djarumsoccer.com,1,,needs_review,,needs_manual_review,No gambling-list match and no Tranco match,,,,0,0,1871.0,1,0,1,,,
gj99.online,1,,needs_review,,needs_manual_review,No gambling-list match and no Tranco match,,,,0,1,388.0,1,0,1,,,
fun88,1,,needs_review,,needs_manual_review,No gambling-list match and no Tranco match,,,,0,0,0.0,0,0,0,,,
chamba77.com,0,,needs_review,,needs_manual_review,No gambling-list match and no Tranco match,,,,0,0,0.0,0,0,0,,,
arrise.com,0,,needs_review,,needs_manual_review,No gambling-list match and no Tranco match,,,,0,0,9362.0,1,0,1,,,
wowspin.ph,0,,needs_review,,needs_manual_review,No gambling-list match and no Tranco match,,,,0,0,0.0,0,1,1,,,
sportsworld.ph,0,,needs_review,,needs_manual_review,No gambling-list match and no Tranco match,,,,0,0,0.0,0,0,0,,,
747-2.com,1,,needs_review,,needs_manual_review,No gambling-list match and no Tranco match,,,,0,0,969.0,1,0,1,,,
god55partnership.com,1,,needs_review,,needs_manual_review,No gambling-list match and no Tranco match,,,,0,0,411.0,1,1,1,,,
bingoworld.online,0,,needs_review,,needs_manual_review,No gambling-list match and no Tranco match,,,,0,1,333.0,1,0,0,,,
god55.international,1,,needs_review,,needs_manual_review,No gambling-list match and no Tranco match,,,,0,0,0.0,0,1,1,,,
boba303.top,1,,needs_review,,needs_manual_review,No gambling-list match and no Tranco match,,,,0,1,73.0,1,0,1,,,
peryacity.ph,0,,needs_review,,needs_manual_review,No gambling-list match and no Tranco match,,,,0,0,0.0,0,0,1,,,
mgame.ph,0,,needs_review,,needs_manual_review,No gambling-list match and no Tranco match,,,,0,0,0.0,0,1,1,,,
fb.thegamesguys.com,1,,needs_review,,needs_manual_review,No gambling-list match and no Tranco match,,,,0,0,0.0,0,0,0,,,
thelottery.co.uk,0,,needs_review,,needs_manual_review,No gambling-list match and no Tranco match,,,,0,0,9770.0,1,0,1,,,
jbag888.com,1,,needs_review,,needs_manual_review,No gambling-list match and no Tranco match,,,,0,0,182.0,1,0,0,,,
uni166.com,1,,needs_review,,needs_manual_review,No gambling-list match and no Tranco match,,,,0,0,3397.0,1,0,1,,,
alfabahis33.com,1,,needs_review,,needs_manual_review,No gambling-list match and no Tranco match,,,,0,0,0.0,0,0,1,,,
shahrebazi.club,1,,needs_review,,needs_manual_review,No gambling-list match and no Tranco match,,,,0,1,0.0,0,0,0,,,
god55vn5.com,1,,needs_review,,needs_manual_review,No gambling-list match and no Tranco match,,,,0,0,683.0,1,1,1,,,
katsu5.xyz,1,,needs_review,,needs_manual_review,No gambling-list match and no Tranco match,,,,0,1,0.0,0,0,1,,,
god55m2.net,1,,needs_review,,needs_manual_review,No gambling-list match and no Tranco match,,,,0,0,1718.0,1,1,1,,,
buenas.vip,0,,needs_review,,needs_manual_review,No gambling-list match and no Tranco match,,,,0,0,826.0,1,0,1,,,
russiavulcanx.com,1,,needs_review,,needs_manual_review,No gambling-list match and no Tranco match,,,,0,0,0.0,0,0,0,,,
megawagi.net,0,,needs_review,,needs_manual_review,No gambling-list match and no Tranco match,,,,0,0,195.0,1,1,1,,,
au1m.com,1,,needs_review,,needs_manual_review,No gambling-list match and no Tranco match,,,,0,0,0.0,0,0,0,,,
sportslive.ph,0,,needs_review,,needs_manual_review,No gambling-list match and no Tranco match,,,,0,0,0.0,0,0,0,,,
35.222.159.130,1,,needs_review,,needs_manual_review,No gambling-list match and no Tranco match,,,,0,0,6354.0,1,0,1,,,
galaparadise88.com,1,,needs_review,,needs_manual_review,No gambling-list match and no Tranco match,,,,0,0,0.0,0,0,1,,,
megawagi.ph,0,,needs_review,,needs_manual_review,No gambling-list match and no Tranco match,,,,0,0,0.0,0,1,1,,,
igoegaming.ph,0,,needs_review,,needs_manual_review,No gambling-list match and no Tranco match,,,,0,0,0.0,0,0,0,,,
enetpoker.com,1,,needs_review,,needs_manual_review,No gambling-list match and no Tranco match,,,,0,0,5701.0,1,0,1,,,
shahrshahr11.com,1,,needs_review,,needs_manual_review,No gambling-list match and no Tranco match,,,,0,0,0.0,0,0,0,,,
bppoker.pro,0,,needs_review,,needs_manual_review,No gambling-list match and no Tranco match,,,,0,0,0.0,0,0,0,,,
freshspins.com,0,,needs_review,,needs_manual_review,No gambling-list match and no Tranco match,,,,0,0,3024.0,1,1,1,,,
bingotime.ph,0,,needs_review,,needs_manual_review,No gambling-list match and no Tranco match,,,,0,0,0.0,0,1,1,,,
vavadapsv.com,1,,needs_review,,needs_manual_review,No gambling-list match and no Tranco match,,,,0,0,0.0,0,0,0,,,
god55.asia,1,,needs_review,,needs_manual_review,No gambling-list match and no Tranco match,,,,0,0,2045.0,1,1,1,,,
pedalada10.com,0,,needs_review,,needs_manual_review,No gambling-list match and no Tranco match,,,,0,0,1377.0,1,0,1,,,
24pokies6.com,1,,needs_review,,needs_manual_review,No gambling-list match and no Tranco match,,,,0,0,0.0,0,0,0,,,
god55.tech,1,,needs_review,,needs_manual_review,No gambling-list match and no Tranco match,,,,0,0,885.0,1,1,1,,,
god55.nexus,1,,needs_review,,needs_manual_review,No gambling-list match and no Tranco match,,,,0,0,0.0,0,1,1,,,
immediate-connect.co.uk,1,,needs_review,,needs_manual_review,No gambling-list match and no Tranco match,,,,0,0,656.0,1,0,0,,,
sbsnetplay.com,1,,needs_review,,needs_manual_review,No gambling-list match and no Tranco match,,,,0,0,0.0,0,0,0,,,
mfa9.com,1,,needs_review,,needs_manual_review,No gambling-list match and no Tranco match,,,,0,0,0.0,0,0,0,,,
tongitstok.com,0,,needs_review,,needs_manual_review,No gambling-list match and no Tranco match,,,,0,0,649.0,1,0,0,,,
tfcfootball.com,1,,needs_review,,needs_manual_review,No gambling-list match and no Tranco match,,,,0,0,0.0,0,0,0,,,
numerouno.ph,0,,needs_review,,needs_manual_review,No gambling-list match and no Tranco match,,,,0,0,0.0,0,0,1,,,
spincity.ph,0,,needs_review,,needs_manual_review,No gambling-list match and no Tranco match,,,,0,0,0.0,0,0,0,,,
iijuta.com,1,,needs_review,,needs_manual_review,No gambling-list match and no Tranco match,,,,0,0,0.0,0,0,0,,,
inplay.instaplay.ph,0,,needs_review,,needs_manual_review,No gambling-list match and no Tranco match,,,,0,0,0.0,0,0,1,,,
747live.info,1,,needs_review,,needs_manual_review,No gambling-list match and no Tranco match,,,,0,0,0.0,0,0,1,,,
superpanalo.ph,0,,needs_review,,needs_manual_review,No gambling-list match and no Tranco match,,,,0,0,0.0,0,1,1,,,
thienlong99.com,1,,needs_review,,needs_manual_review,No gambling-list match and no Tranco match,,,,0,0,0.0,0,0,0,,,
ray40.com,1,,needs_review,,needs_manual_review,No gambling-list match and no Tranco match,,,,0,0,2630.0,1,1,1,,,
cyl88.online,1,,needs_review,,needs_manual_review,No gambling-list match and no Tranco match,,,,0,1,0.0,0,0,1,,,
vulcan-pllatinum.com,1,,needs_review,,needs_manual_review,No gambling-list match and no Tranco match,,,,0,0,0.0,0,0,0,,,
nagacash9b.online,1,,needs_review,,needs_manual_review,No gambling-list match and no Tranco match,,,,0,1,0.0,0,0,0,,,
pisogame.ph,0,,needs_review,,needs_manual_review,No gambling-list match and no Tranco match,,,,0,0,0.0,0,0,1,,,
s5games.ph,0,,needs_review,,needs_manual_review,No gambling-list match and no Tranco match,,,,0,0,0.0,0,1,1,,,
spiffx.com,1,,needs_review,,needs_manual_review,No gambling-list match and no Tranco match,,,,0,0,5382.0,1,0,1,,,
megawagi.vip,0,,needs_review,,needs_manual_review,No gambling-list match and no Tranco match,,,,0,0,194.0,1,1,1,,,
joypang-0907.com,1,,needs_review,,needs_manual_review,No gambling-list match and no Tranco match,,,,0,0,282.0,1,0,0,,,
wowgames.ph,0,,needs_review,,needs_manual_review,No gambling-list match and no Tranco match,,,,0,0,0.0,0,1,1,,,
bstar.ph,0,,needs_review,,needs_manual_review,No gambling-list match and no Tranco match,,,,0,0,0.0,0,0,1,,,
wowgames.vip,0,,needs_review,,needs_manual_review,No gambling-list match and no Tranco match,,,,0,0,653.0,1,1,1,,,
7stargaming.com,1,,needs_review,,needs_manual_review,No gambling-list match and no Tranco match,,,,0,0,400.0,1,0,1,,,
luckyclub.ph,0,,needs_review,,needs_manual_review,No gambling-list match and no Tranco match,,,,0,0,0.0,0,1,1,,,
mobilespin.com,0,,needs_review,,needs_manual_review,No gambling-list match and no Tranco match,,,,0,0,7761.0,1,1,1,,,
golden.nebula-ent.com,1,,needs_review,,needs_manual_review,No gambling-list match and no Tranco match,,,,0,0,9371.0,1,0,0,,,
aplay.mt,0,,needs_review,,needs_manual_review,No gambling-list match and no Tranco match,,,,0,0,0.0,0,0,1,,,
luckypence.com,0,,needs_review,,needs_manual_review,No gambling-list match and no Tranco match,,,,0,0,2676.0,1,1,1,,,
sprush.ph,0,,needs_review,,needs_manual_review,No gambling-list match and no Tranco match,,,,0,0,0.0,0,0,1,,,
poker-secure-24.site,1,,needs_review,,needs_manual_review,No gambling-list match and no Tranco match,,,,0,1,0.0,0,0,0,,,
wowgames.net,0,,needs_review,,needs_manual_review,No gambling-list match and no Tranco match,,,,0,0,529.0,1,1,1,,,
fortuneworld.ph,0,,needs_review,,needs_manual_review,No gambling-list match and no Tranco match,,,,0,0,0.0,0,0,0,,,
fml1.com,1,,needs_review,,needs_manual_review,No gambling-list match and no Tranco match,,,,0,0,586.0,1,0,0,,,
aud1m.com,1,,needs_review,,needs_manual_review,No gambling-list match and no Tranco match,,,,0,0,0.0,0,0,1,,,
heloboet138,1,,needs_review,,needs_manual_review,No gambling-list match and no Tranco match,,,,0,0,0.0,0,0,0,,,
god55sg6.net,1,,needs_review,,needs_manual_review,No gambling-list match and no Tranco match,,,,0,0,885.0,1,1,1,,,
fortunepub.com,1,,needs_review,,needs_manual_review,No gambling-list match and no Tranco match,,,,0,0,828.0,1,1,1,,,
onelottery.co.uk,0,,needs_review,,needs_manual_review,No gambling-list match and no Tranco match,,,,0,0,2413.0,1,0,1,,,
amusnet.hr,0,,needs_review,,needs_manual_review,No gambling-list match and no Tranco match,,,,0,0,1509.0,1,1,1,,,
blogjb3919.com,1,,needs_review,,needs_manual_review,No gambling-list match and no Tranco match,,,,0,0,1387.0,1,0,1,,,
24pokies5.com,1,,needs_review,,needs_manual_review,No gambling-list match and no Tranco match,,,,0,0,0.0,0,0,0,,,
juanace.ph,0,,needs_review,,needs_manual_review,No gambling-list match and no Tranco match,,,,0,0,0.0,0,1,1,,,
kaisarpteir.net,1,,needs_review,,needs_manual_review,No gambling-list match and no Tranco match,,,,0,0,0.0,0,0,0,,,
fairbahis10.com,1,,needs_review,,needs_manual_review,No gambling-list match and no Tranco match,,,,0,0,0.0,0,0,0,,,
numerouno.com.ph,0,,needs_review,,needs_manual_review,No gambling-list match and no Tranco match,,,,0,0,0.0,0,0,1,,,
bygame.com,0,,needs_review,,needs_manual_review,No gambling-list match and no Tranco match,,,,0,0,9108.0,1,1,1,,,
playsg8.com,0,,needs_review,,needs_manual_review,No gambling-list match and no Tranco match,,,,0,0,274.0,1,1,1,,,
caletagaming.com,0,,needs_review,,needs_manual_review,No gambling-list match and no Tranco match,,,,0,0,4684.0,1,1,1,,,
filplay.com,0,,needs_review,,needs_manual_review,No gambling-list match and no Tranco match,,,,0,0,1578.0,1,1,1,,,
hawkgaming.ph,0,,needs_review,,needs_manual_review,No gambling-list match and no Tranco match,,,,0,0,0.0,0,0,0,,,
amusnet.it,0,,needs_review,,needs_manual_review,No gambling-list match and no Tranco match,,,,0,0,1506.0,1,1,1,,,
gamxsports.com.ph,0,,needs_review,,needs_manual_review,No gambling-list match and no Tranco match,,,,0,0,0.0,0,0,1,,,
option888.com,1,,needs_review,,needs_manual_review,No gambling-list match and no Tranco match,,,,0,0,4378.0,1,1,1,,,
luckytayasports.com,0,,needs_review,,needs_manual_review,No gambling-list match and no Tranco match,,,,0,0,276.0,1,1,1,,,
s5live.ph,0,,needs_review,,needs_manual_review,No gambling-list match and no Tranco match,,,,0,0,0.0,0,0,1,,,
v8.com,1,,needs_review,,needs_manual_review,No gambling-list match and no Tranco match,,,,0,0,10182.0,1,1,1,,,
kingvip.ph,0,,needs_review,,needs_manual_review,No gambling-list match and no Tranco match,,,,0,0,0.0,0,0,1,,,
olympusplay.com,1,,needs_review,,needs_manual_review,No gambling-list match and no Tranco match,,,,0,0,1798.0,1,1,1,,,
god55sg3.org,1,,needs_review,,needs_manual_review,No gambling-list match and no Tranco match,,,,0,0,1368.0,1,1,1,,,
efc88.me,1,,needs_review,,needs_manual_review,No gambling-list match and no Tranco match,,,,0,0,1157.0,1,0,1,,,
fcb500.com,1,,needs_review,,needs_manual_review,No gambling-list match and no Tranco match,,,,0,0,0.0,0,0,0,,,
loginyaris.store,1,,needs_review,,needs_manual_review,No gambling-list match and no Tranco match,,,,0,0,0.0,0,0,1,,,
god55th3.com,1,,needs_review,,needs_manual_review,No gambling-list match and no Tranco match,,,,0,0,885.0,1,1,1,,,
cfg4.com,1,,needs_review,,needs_manual_review,No gambling-list match and no Tranco match,,,,0,0,1824.0,1,0,1,,,
alivate.app,0,,needs_review,,needs_manual_review,No gambling-list match and no Tranco match,,,,0,0,0.0,0,1,1,,,
bahisnow,1,,needs_review,,needs_manual_review,No gambling-list match and no Tranco match,,,,0,0,0.0,0,0,0,,,
jbgame-99.com,1,,needs_review,,needs_manual_review,No gambling-list match and no Tranco match,,,,0,0,849.0,1,1,1,,,
god55singapore.net,1,,needs_review,,needs_manual_review,No gambling-list match and no Tranco match,,,,0,0,171.0,1,1,1,,,
happybingo.games,0,,needs_review,,needs_manual_review,No gambling-list match and no Tranco match,,,,0,0,0.0,0,1,1,,,
pin77.net,0,,needs_review,,needs_manual_review,No gambling-list match and no Tranco match,,,,0,0,364.0,1,0,1,,,
123sports.ph,0,,needs_review,,needs_manual_review,No gambling-list match and no Tranco match,,,,0,0,0.0,0,1,1,,,
wowgames.com,0,,needs_review,,needs_manual_review,No gambling-list match and no Tranco match,,,,0,0,9447.0,1,1,1,,,
filgame.com,0,,needs_review,,needs_manual_review,No gambling-list match and no Tranco match,,,,0,0,1829.0,1,1,1,,,
1xlite-4357202.top,1,,needs_review,,needs_manual_review,No gambling-list match and no Tranco match,,,,0,1,55.0,1,1,1,,,
indoniche.com,1,,needs_review,,needs_manual_review,No gambling-list match and no Tranco match,,,,0,0,0.0,0,0,0,,,
megapremyo.ph,0,,needs_review,,needs_manual_review,No gambling-list match and no Tranco match,,,,0,0,0.0,0,0,0,,,
happybingo.fun,0,,needs_review,,needs_manual_review,No gambling-list match and no Tranco match,,,,0,0,421.0,1,0,1,,,
bingoal.com,0,,needs_review,,needs_manual_review,No gambling-list match and no Tranco match,,,,0,0,9080.0,1,0,1,,,
juankada.ph,0,,needs_review,,needs_manual_review,No gambling-list match and no Tranco match,,,,0,0,0.0,0,1,1,,,
god55.media,1,,needs_review,,needs_manual_review,No gambling-list match and no Tranco match,,,,0,0,0.0,0,1,1,,,
megawagi.com,0,,needs_review,,needs_manual_review,No gambling-list match and no Tranco match,,,,0,0,195.0,1,1,1,,,
greendrg88.com,1,,needs_review,,needs_manual_review,No gambling-list match and no Tranco match,,,,0,0,0.0,0,0,0,,,
bizzo.world,1,,needs_review,,needs_manual_review,No gambling-list match and no Tranco match,,,,0,0,0.0,0,0,1,,,
vulkanind.site,1,,needs_review,,needs_manual_review,No gambling-list match and no Tranco match,,,,0,1,171.0,1,1,1,,,
apintoto.com,1,,needs_review,,needs_manual_review,No gambling-list match and no Tranco match,,,,0,0,340.0,1,0,1,,,
jk88,1,,needs_review,,needs_manual_review,No gambling-list match and no Tranco match,,,,0,0,0.0,0,0,0,,,
j8958.com,1,,needs_review,,needs_manual_review,No gambling-list match and no Tranco match,,,,0,0,36.0,1,1,1,,,
ww88web.vip,1,,needs_review,,needs_manual_review,No gambling-list match and no Tranco match,,,,0,0,0.0,0,0,0,,,
god55.cash,1,,needs_review,,needs_manual_review,No gambling-list match and no Tranco match,,,,0,0,0.0,0,1,1,,,
desklucky.com,0,,needs_review,,needs_manual_review,No gambling-list match and no Tranco match,,,,0,0,533.0,1,1,1,,,
rayvietnam.net,1,,needs_review,,needs_manual_review,No gambling-list match and no Tranco match,,,,0,0,1463.0,1,1,1,,,
msspins.com,0,,needs_review,,needs_manual_review,No gambling-list match and no Tranco match,,,,0,0,970.0,1,1,1,,,
juanpanalo.ph,0,,needs_review,,needs_manual_review,No gambling-list match and no Tranco match,,,,0,0,0.0,0,1,1,,,
kingspin.uk,0,,needs_review,,needs_manual_review,No gambling-list match and no Tranco match,,,,0,0,653.0,1,1,1,,,
bppoker.com,0,,needs_review,,needs_manual_review,No gambling-list match and no Tranco match,,,,0,0,5295.0,1,1,1,,,
bilyoncu127.com,1,,needs_review,,needs_manual_review,No gambling-list match and no Tranco match,,,,0,0,0.0,0,0,1,,,
king.com.ph,0,,needs_review,,needs_manual_review,No gambling-list match and no Tranco match,,,,0,0,0.0,0,0,1,,,
juanzone.ph,0,,needs_review,,needs_manual_review,No gambling-list match and no Tranco match,,,,0,0,0.0,0,1,1,,,
koalaspins.com,1,,needs_review,,needs_manual_review,No gambling-list match and no Tranco match,,,,0,0,974.0,1,0,1,,,
eurobahis.com,1,,needs_review,,needs_manual_review,No gambling-list match and no Tranco match,,,,0,0,1538.0,1,0,1,,,
luckystarph.com,0,,needs_review,,needs_manual_review,No gambling-list match and no Tranco match,,,,0,0,276.0,1,0,1,,,
atm228.com,1,,needs_review,,needs_manual_review,No gambling-list match and no Tranco match,,,,0,0,1782.0,1,0,1,,,
casipol957.com,1,,needs_review,,needs_manual_review,No gambling-list match and no Tranco match,,,,0,0,0.0,0,0,0,,,
specialty.mgame.ph,0,,needs_review,,needs_manual_review,No gambling-list match and no Tranco match,,,,0,0,0.0,0,0,1,,,
filgame.ph,0,,needs_review,,needs_manual_review,No gambling-list match and no Tranco match,,,,0,0,0.0,0,1,1,,,
alpha66,1,,needs_review,,needs_manual_review,No gambling-list match and no Tranco match,,,,0,0,0.0,0,0,0,,,
efc88.club,1,,needs_review,,needs_manual_review,No gambling-list match and no Tranco match,,,,0,1,1157.0,1,0,1,,,
blgcoin88.com,1,,needs_review,,needs_manual_review,No gambling-list match and no Tranco match,,,,0,0,0.0,0,0,1,,,
crown01.org,1,,needs_review,,needs_manual_review,No gambling-list match and no Tranco match,,,,0,0,1009.0,1,0,1,,,
doctorjudi.com,1,,needs_review,,needs_manual_review,No gambling-list match and no Tranco match,,,,0,0,1512.0,1,0,1,,,
kaiyun.io,1,,needs_review,,needs_manual_review,No gambling-list match and no Tranco match,,,,0,0,1329.0,1,0,1,,,
ak-vn.com,1,,needs_review,,needs_manual_review,No gambling-list match and no Tranco match,,,,0,0,0.0,0,1,1,,,
spinjam.com,0,,needs_review,,needs_manual_review,No gambling-list match and no Tranco match,,,,0,0,8362.0,1,1,1,,,
buffalo39a.com,1,,needs_review,,needs_manual_review,No gambling-list match and no Tranco match,,,,0,0,0.0,0,0,1,,,
playojo.co.uk,0,,needs_review,,needs_manual_review,No gambling-list match and no Tranco match,,,,0,0,3696.0,1,1,1,,,
j8962.com,1,,needs_review,,needs_manual_review,No gambling-list match and no Tranco match,,,,0,0,36.0,1,1,1,,,
fbmplay.ph,0,,needs_review,,needs_manual_review,No gambling-list match and no Tranco match,,,,0,0,0.0,0,1,1,,,
afgames.com,1,,needs_review,,needs_manual_review,No gambling-list match and no Tranco match,,,,0,0,4874.0,1,0,1,,,
light-pay.com,1,,needs_review,,needs_manual_review,No gambling-list match and no Tranco match,,,,0,0,1136.0,1,1,1,,,
megascratch.com,0,,needs_review,,needs_manual_review,No gambling-list match and no Tranco match,,,,0,0,8612.0,1,1,1,,,
888.co.uk,0,,needs_review,,needs_manual_review,No gambling-list match and no Tranco match,,,,0,0,10433.0,1,1,1,,,
spinara.com,0,,needs_review,,needs_manual_review,No gambling-list match and no Tranco match,,,,0,0,1105.0,1,1,1,,,
viplucky.com,0,,needs_review,,needs_manual_review,No gambling-list match and no Tranco match,,,,0,0,2924.0,1,1,1,,,
pin77.asia,0,,needs_review,,needs_manual_review,No gambling-list match and no Tranco match,,,,0,0,0.0,0,0,1,,,
bahistream.org,1,,needs_review,,needs_manual_review,No gambling-list match and no Tranco match,,,,0,0,0.0,0,0,0,,,
grandfinityplay,1,,needs_review,,needs_manual_review,No gambling-list match and no Tranco match,,,,0,0,0.0,0,0,0,,,
epicgame.ph,0,,needs_review,,needs_manual_review,No gambling-list match and no Tranco match,,,,0,0,0.0,0,0,1,,,
1x-play.com,1,,needs_review,,needs_manual_review,No gambling-list match and no Tranco match,,,,0,0,247.0,1,1,1,,,
halfagoal.com,1,,needs_review,,needs_manual_review,No gambling-list match and no Tranco match,,,,0,0,4163.0,1,0,1,,,
fb88cool.com,1,,needs_review,,needs_manual_review,No gambling-list match and no Tranco match,,,,0,0,2004.0,1,0,1,,,
902bahisnow.com,1,,needs_review,,needs_manual_review,No gambling-list match and no Tranco match,,,,0,0,0.0,0,0,0,,,
amusnet.es,0,,needs_review,,needs_manual_review,No gambling-list match and no Tranco match,,,,0,0,0.0,0,1,1,,,
pickmeupbingo.com,0,,needs_review,,needs_manual_review,No gambling-list match and no Tranco match,,,,0,0,7492.0,1,1,1,,,
lakilucky.com,0,,needs_review,,needs_manual_review,No gambling-list match and no Tranco match,,,,0,0,774.0,1,1,1,,,
hipspin.com,0,,needs_review,,needs_manual_review,No gambling-list match and no Tranco match,,,,0,0,3046.0,1,1,1,,,
cfg600.com,1,,needs_review,,needs_manual_review,No gambling-list match and no Tranco match,,,,0,0,0.0,0,0,0,,,
fezzogaming.com,1,,needs_review,,needs_manual_review,No gambling-list match and no Tranco match,,,,0,0,0.0,0,0,1,,,
casivera.pro,1,,needs_review,,needs_manual_review,No gambling-list match and no Tranco match,,,,0,0,0.0,0,0,1,,,
spgames.ph,0,,needs_review,,needs_manual_review,No gambling-list match and no Tranco match,,,,0,0,0.0,0,0,1,,,
aw33bd.com,1,,needs_review,,needs_manual_review,No gambling-list match and no Tranco match,,,,0,0,1191.0,1,0,1,,,
idnplaypoker,1,,needs_review,,needs_manual_review,No gambling-list match and no Tranco match,,,,0,0,0.0,0,0,0,,,
pinkribbonbingo.com,0,,needs_review,,needs_manual_review,No gambling-list match and no Tranco match,,,,0,0,5815.0,1,1,1,,,
casivera66.com,1,,needs_review,,needs_manual_review,No gambling-list match and no Tranco match,,,,0,0,0.0,0,0,1,,,
youplayfortuna.com,1,,needs_review,,needs_manual_review,No gambling-list match and no Tranco match,,,,0,0,0.0,0,0,0,,,
harbibahis.com,1,,needs_review,,needs_manual_review,No gambling-list match and no Tranco match,,,,0,0,2887.0,1,0,1,,,
essbahis.com,1,,needs_review,,needs_manual_review,No gambling-list match and no Tranco match,,,,0,0,1344.0,1,0,1,,,
vavadacnv.com,1,,needs_review,,needs_manual_review,No gambling-list match and no Tranco match,,,,0,0,0.0,0,0,0,,,
god55m6.org,1,,needs_review,,needs_manual_review,No gambling-list match and no Tranco match,,,,0,0,1457.0,1,1,1,,,
amgaminggroup.com,0,,needs_review,,needs_manual_review,No gambling-list match and no Tranco match,,,,0,0,1553.0,1,1,1,,,
nordicautomaten.com,0,,needs_review,,needs_manual_review,No gambling-list match and no Tranco match,,,,0,0,4661.0,1,1,1,,,
vulkan-365.cc,1,,needs_review,,needs_manual_review,No gambling-list match and no Tranco match,,,,0,0,287.0,1,0,0,,,
lucksports.biz,1,,needs_review,,needs_manual_review,No gambling-list match and no Tranco match,,,,0,0,0.0,0,0,0,,,
poker-bonus-888.site,1,,needs_review,,needs_manual_review,No gambling-list match and no Tranco match,,,,0,1,0.0,0,0,0,,,
vulcanplay.one,1,,needs_review,,needs_manual_review,No gambling-list match and no Tranco match,,,,0,0,604.0,1,0,1,,,
footballtycoon.org,1,,needs_review,,needs_manual_review,No gambling-list match and no Tranco match,,,,0,0,0.0,0,0,0,,,
shbazi30.com,1,,needs_review,,needs_manual_review,No gambling-list match and no Tranco match,,,,0,0,0.0,0,0,0,,,
