domain,label,source,category,domain_family,gambling_probability,predicted_label,correct,error_type
aldiatx.com,0,UT1_non_gambling_category,press,aldiatx.com,0.5488906909476414,1,False,false_positive
d5bridge.com,0,UT1_non_gambling_category,games,d5bridge.com,0.6793922999549232,1,False,false_positive
dosgamer.com,0,UT1_non_gambling_category,games,dosgamer.com,0.5556604074151819,1,False,false_positive
kajotgames.com,1,verified_gambling,gambling,kajotgames.com,0.4333057855114132,0,False,false_negative
750g.com,0,UT1_non_gambling_category,cooking,750g.com,0.9555521298848114,1,False,false_positive
hacksawgaming.com,1,verified_gambling,gambling,hacksawgaming.com,0.4982508348193405,0,False,false_negative
ggbbbet.net,1,verified_gambling,gambling,ggbbbet.net,0.40875214210288624,0,False,false_negative
fubar.com,0,UT1_non_gambling_category,social_networks,fubar.com,0.6662008008244618,1,False,false_positive
mcb1980.com,0,UT1_non_gambling_category,bank,mcb1980.com,0.9464359892546457,1,False,false_positive
slamz.com,1,verified_gambling,gambling,slamz.com,0.4603650255210064,0,False,false_negative
ab-cds.com,0,UT1_non_gambling_category,shopping,ab-cds.com,0.629975637133948,1,False,false_positive
3chardons.com,0,UT1_non_gambling_category,child,3chardons.com,0.7475007814732092,1,False,false_positive
tricentury.com,0,UT1_non_gambling_category,bank,tricentury.com,0.5464152296018304,1,False,false_positive
hippodromeonline.com,1,verified_gambling,gambling,hippodromeonline.com,0.43835440978296897,0,False,false_negative
euchrelinks.com,0,UT1_non_gambling_category,games,euchrelinks.com,0.6014671188518494,1,False,false_positive
godcures.online,0,UT1_non_gambling_category,jobsearch,godcures.online,0.8974246903765087,1,False,false_positive
usc.rivals.com,0,UT1_non_gambling_category,sports,rivals.com,0.6323816033947596,1,False,false_positive
deviantart.com,0,UT1_non_gambling_category,social_networks,deviantart.com,0.5788299913038343,1,False,false_positive
bet-at-home.com,1,verified_gambling,gambling,bet-at-home.com,0.2632096992004422,0,False,false_negative
gamebookers.com,1,verified_gambling,gambling,gamebookers.com,0.4879181398851533,0,False,false_negative
topshift.com,0,UT1_non_gambling_category,games,topshift.com,0.6587475210345557,1,False,false_positive
juegopc10.com,0,UT1_non_gambling_category,games,juegopc10.com,0.8151200619115003,1,False,false_positive
mobile.betboro.com,1,verified_gambling,gambling,betboro.com,0.4022084248132214,0,False,false_negative
