domain,label,verified_label,verification_status,verification_source,review_status_v2,review_priority,review_reason,ut1_category_match,ut1_category_match_type,ut1_categories,strong_benign_categories,supporting_benign_categories,strong_risk_terms,ambiguous_risk_terms,tranco_rank,tranco_match,tranco_match_type,has_gambling_keyword,manual_verified_label,manual_review_status,verification_method,manual_notes
redcross.org.uk,0,,needs_review,,tranco_only_review_candidate,3,Appears in Tranco but has no external category match,,,,,,,,34703.0,redcross.org.uk,exact,0,,pending,,
nustargame.ph,0,,needs_review,,tranco_only_review_candidate,3,Appears in Tranco but has no external category match,,,,,,,,75785.0,nustargame.ph,exact,0,,pending,,
nustar.ph,0,,needs_review,,tranco_only_review_candidate,3,Appears in Tranco but has no external category match,,,,,,,,149357.0,nustar.ph,exact,0,,pending,,
ghostmshop.mgame.com,0,,needs_review,,tranco_only_review_candidate,3,Appears in Tranco but has no external category match,,,,,,,,197018.0,mgame.com,parent_domain,0,,pending,,
ghostss.mgame.com,0,,needs_review,,tranco_only_review_candidate,3,Appears in Tranco but has no external category match,,,,,,,,197018.0,mgame.com,parent_domain,0,,pending,,
mgame.com,0,,needs_review,,tranco_only_review_candidate,3,Appears in Tranco but has no external category match,,,,,,,,197018.0,mgame.com,exact,0,,pending,,
noc.mgame.com,0,,needs_review,,tranco_only_review_candidate,3,Appears in Tranco but has no external category match,,,,,,,,197018.0,mgame.com,parent_domain,0,,pending,,
red.mgame.com,0,,needs_review,,tranco_only_review_candidate,3,Appears in Tranco but has no external category match,,,,,,,,197018.0,mgame.com,parent_domain,0,,pending,,
endorphina.com,0,,needs_review,,tranco_only_review_candidate,3,Appears in Tranco but has no external category match,,,,,,,,210784.0,endorphina.com,exact,0,,pending,,
linqapp.com,1,,needs_review,,tranco_only_review_candidate,3,Appears in Tranco but has no external category match,,,,,,,,233414.0,linqapp.com,exact,0,,pending,,
eeze.com,0,,needs_review,,tranco_only_review_candidate,3,Appears in Tranco but has no external category match,,,,,,,,562493.0,eeze.com,exact,0,,pending,,
z8.com,1,,needs_review,,tranco_only_review_candidate,3,Appears in Tranco but has no external category match,,,,,,,,852883.0,z8.com,exact,0,,pending,,
fruitkings.com,0,,needs_review,,tranco_only_review_candidate,3,Appears in Tranco but has no external category match,,,,,,,,903173.0,fruitkings.com,exact,0,,pending,,
