threshold,precision,recall,f1,false_positives,false_negatives,model
0.09244468591439652,0.5029585798816568,1.0,0.6692913385826771,84,0,baseline
0.09346402533813951,0.5089820359281437,1.0,0.6746031746031746,82,0,baseline
0.09877347485783948,0.5120481927710844,1.0,0.6772908366533864,81,0,baseline
0.09996047018310619,0.5151515151515151,1.0,0.6799999999999999,80,0,baseline
0.10213908267050004,0.5182926829268293,1.0,0.6827309236947792,79,0,baseline
0.1343276056848765,0.5214723926380368,1.0,0.6854838709677419,78,0,baseline
0.1929473894675003,0.5246913580246914,1.0,0.6882591093117408,77,0,baseline
0.19600096576216358,0.5279503105590062,1.0,0.6910569105691057,76,0,baseline
0.20203733773069849,0.53125,1.0,0.6938775510204082,75,0,baseline
0.20401927144026333,0.5345911949685535,1.0,0.6967213114754098,74,0,baseline
0.21291337222577267,0.5379746835443038,1.0,0.6995884773662552,73,0,baseline
0.23608808633728035,0.5414012738853503,1.0,0.7024793388429752,72,0,baseline
0.24931872481285344,0.5448717948717948,1.0,0.7053941908713693,71,0,baseline
0.2524861671907043,0.5483870967741935,1.0,0.7083333333333333,70,0,baseline
0.2555442989970898,0.551948051948052,1.0,0.7112970711297071,69,0,baseline
0.25755923527536706,0.5555555555555556,1.0,0.7142857142857143,68,0,baseline
0.2585834162177067,0.5592105263157895,1.0,0.7172995780590717,67,0,baseline
0.27207844217220795,0.5629139072847682,1.0,0.7203389830508474,66,0,baseline
0.27620082585368355,0.5666666666666667,1.0,0.7234042553191489,65,0,baseline
0.2791488591895154,0.5704697986577181,1.0,0.7264957264957265,64,0,baseline
0.27925463214296453,0.5743243243243243,1.0,0.7296137339055794,63,0,baseline
0.28049879176752757,0.5714285714285714,0.9882352941176471,0.7241379310344828,63,1,baseline
0.2859386291857066,0.5753424657534246,0.9882352941176471,0.7272727272727272,62,1,baseline
0.2904520599173558,0.5793103448275863,0.9882352941176471,0.7304347826086957,61,1,baseline
0.30361373857596136,0.5833333333333334,0.9882352941176471,0.7336244541484715,60,1,baseline
0.3051529319068119,0.5874125874125874,0.9882352941176471,0.7368421052631577,59,1,baseline
0.31392734324434535,0.5915492957746479,0.9882352941176471,0.7400881057268722,58,1,baseline
0.3144026028596458,0.5957446808510638,0.9882352941176471,0.743362831858407,57,1,baseline
0.31440523955392186,0.6,0.9882352941176471,0.7466666666666666,56,1,baseline
0.3181805828609062,0.5971223021582733,0.9764705882352941,0.7410714285714285,56,2,baseline
0.32048790450903764,0.6014492753623188,0.9764705882352941,0.7443946188340806,55,2,baseline
0.3206164226775274,0.6058394160583942,0.9764705882352941,0.7477477477477478,54,2,baseline
0.32662104671471476,0.6102941176470589,0.9764705882352941,0.7511312217194569,53,2,baseline
0.32734444628484455,0.6074074074074074,0.9647058823529412,0.7454545454545455,53,3,baseline
0.33036396230318293,0.6119402985074627,0.9647058823529412,0.7488584474885845,52,3,baseline
0.3328304829108258,0.6165413533834586,0.9647058823529412,0.7522935779816514,51,3,baseline
0.33468505556698697,0.6212121212121212,0.9647058823529412,0.7557603686635944,50,3,baseline
0.33579671117376103,0.6183206106870229,0.9529411764705882,0.75,50,4,baseline
0.33631553891271465,0.6230769230769231,0.9529411764705882,0.7534883720930232,49,4,baseline
0.33662570868717606,0.627906976744186,0.9529411764705882,0.7570093457943925,48,4,baseline
0.3382771196069721,0.6328125,0.9529411764705882,0.7605633802816901,47,4,baseline
0.34235197112590593,0.6532258064516129,0.9529411764705882,0.7751196172248804,43,4,baseline
0.3431053514373513,0.6585365853658537,0.9529411764705882,0.778846153846154,42,4,baseline
0.34591393916711927,0.6639344262295082,0.9529411764705882,0.7826086956521738,41,4,baseline
0.3459761088993537,0.6694214876033058,0.9529411764705882,0.7864077669902914,40,4,baseline
0.35327251042021157,0.675,0.9529411764705882,0.7902439024390243,39,4,baseline
0.35760200710827766,0.680672268907563,0.9529411764705882,0.7941176470588235,38,4,baseline
0.3587306923139912,0.6864406779661016,0.9529411764705882,0.7980295566502463,37,4,baseline
0.3635821374593447,0.6923076923076923,0.9529411764705882,0.801980198019802,36,4,baseline
0.3659795861552745,0.6896551724137931,0.9411764705882353,0.7960199004975124,36,5,baseline
0.3666132569340362,0.6869565217391305,0.9294117647058824,0.79,36,6,baseline
0.3669130545992904,0.6929824561403509,0.9294117647058824,0.7939698492462313,35,6,baseline
0.36696136430535303,0.6991150442477876,0.9294117647058824,0.7979797979797979,34,6,baseline
0.36786040548128823,0.7053571428571429,0.9294117647058824,0.802030456852792,33,6,baseline
0.36826409431720863,0.7117117117117117,0.9294117647058824,0.8061224489795918,32,6,baseline
0.37210359316795955,0.7181818181818181,0.9294117647058824,0.8102564102564103,31,6,baseline
0.3737342939574194,0.7247706422018348,0.9294117647058824,0.8144329896907216,30,6,baseline
0.3740038096476639,0.7314814814814815,0.9294117647058824,0.8186528497409327,29,6,baseline
0.37688916833157404,0.7383177570093458,0.9294117647058824,0.8229166666666666,28,6,baseline
0.37939079211851445,0.7452830188679245,0.9294117647058824,0.8272251308900523,27,6,baseline
0.3813155257132659,0.7523809523809524,0.9294117647058824,0.8315789473684211,26,6,baseline
0.38350654559359043,0.75,0.9176470588235294,0.8253968253968255,26,7,baseline
0.3887228554873707,0.7572815533980582,0.9176470588235294,0.8297872340425532,25,7,baseline
0.3902984844744786,0.7647058823529411,0.9176470588235294,0.8342245989304812,24,7,baseline
0.3947361397205152,0.7623762376237624,0.9058823529411765,0.8279569892473118,24,8,baseline
0.39781400964575675,0.77,0.9058823529411765,0.8324324324324326,23,8,baseline
0.40267848598006967,0.7777777777777778,0.9058823529411765,0.8369565217391305,22,8,baseline
0.4028504233065875,0.7857142857142857,0.9058823529411765,0.8415300546448088,21,8,baseline
0.4040407061705417,0.7835051546391752,0.8941176470588236,0.8351648351648352,21,9,baseline
0.4048261886620755,0.7916666666666666,0.8941176470588236,0.839779005524862,20,9,baseline
0.40702045427296285,0.8,0.8941176470588236,0.8444444444444443,19,9,baseline
0.419281869769835,0.8085106382978723,0.8941176470588236,0.8491620111731844,18,9,baseline
0.41992347263639074,0.8172043010752689,0.8941176470588236,0.8539325842696629,17,9,baseline
0.43470029704981156,0.8260869565217391,0.8941176470588236,0.8587570621468926,16,9,baseline
0.43848173320986744,0.8351648351648352,0.8941176470588236,0.8636363636363636,15,9,baseline
0.43943100079166947,0.8444444444444444,0.8941176470588236,0.8685714285714287,14,9,baseline
0.4687760652258171,0.8539325842696629,0.8941176470588236,0.8735632183908046,13,9,baseline
0.4724008678692145,0.8522727272727273,0.8823529411764706,0.8670520231213872,13,10,baseline
0.48215093884636023,0.8620689655172413,0.8823529411764706,0.872093023255814,12,10,baseline
0.48498417601354515,0.872093023255814,0.8823529411764706,0.8771929824561403,11,10,baseline
0.48649024058398643,0.8705882352941177,0.8705882352941177,0.8705882352941176,11,11,baseline
0.4928153243386525,0.8690476190476191,0.8588235294117647,0.863905325443787,11,12,baseline
0.5064168654889158,0.8795180722891566,0.8588235294117647,0.8690476190476191,10,12,baseline
0.5071665602370602,0.8780487804878049,0.8470588235294118,0.8622754491017964,10,13,baseline
0.5079221962749081,0.8888888888888888,0.8470588235294118,0.8674698795180723,9,13,baseline
0.5121174012449518,0.9,0.8470588235294118,0.8727272727272727,8,13,baseline
0.5241712604994658,0.8987341772151899,0.8352941176470589,0.8658536585365854,8,14,baseline
0.5254633222338372,0.8974358974358975,0.8235294117647058,0.8588957055214724,8,15,baseline
0.5303475686140526,0.8961038961038961,0.8117647058823529,0.8518518518518517,8,16,baseline
0.53194130351512,0.9078947368421053,0.8117647058823529,0.8571428571428571,7,16,baseline
0.5325274572797007,0.9066666666666666,0.8,0.8500000000000001,7,17,baseline
0.535864041618374,0.9054054054054054,0.788235294117647,0.8427672955974842,7,18,baseline
0.5429743998574311,0.9178082191780822,0.788235294117647,0.8481012658227848,6,18,baseline
0.5468012136351165,0.9305555555555556,0.788235294117647,0.8535031847133757,5,18,baseline
0.5470265919358221,0.9295774647887324,0.7764705882352941,0.8461538461538461,5,19,baseline
0.5532914643724808,0.9285714285714286,0.7647058823529411,0.8387096774193549,5,20,baseline
0.5614956052140245,0.927536231884058,0.7529411764705882,0.8311688311688311,5,21,baseline
0.5639955847591206,0.9411764705882353,0.7529411764705882,0.8366013071895425,4,21,baseline
0.569539368310803,0.9402985074626866,0.7411764705882353,0.8289473684210527,4,22,baseline
0.5706987736324775,0.9393939393939394,0.7294117647058823,0.8211920529801323,4,23,baseline
0.5712813876245003,0.9384615384615385,0.7176470588235294,0.8133333333333334,4,24,baseline
0.5778509519824307,0.9375,0.7058823529411765,0.8053691275167786,4,25,baseline
0.5782304065681699,0.9365079365079365,0.6941176470588235,0.7972972972972974,4,26,baseline
0.5791802701270494,0.9354838709677419,0.6823529411764706,0.7891156462585035,4,27,baseline
0.5795205648375572,0.9508196721311475,0.6823529411764706,0.7945205479452054,3,27,baseline
0.5822467475518512,0.95,0.6705882352941176,0.786206896551724,3,28,baseline
0.5837790564377457,0.9491525423728814,0.6588235294117647,0.7777777777777778,3,29,baseline
0.593269541307094,0.9655172413793104,0.6588235294117647,0.7832167832167832,2,29,baseline
0.6067343287886255,0.9649122807017544,0.6470588235294118,0.7746478873239437,2,30,baseline
0.607822225790795,0.9642857142857143,0.6352941176470588,0.7659574468085105,2,31,baseline
0.610099172311346,0.9818181818181818,0.6352941176470588,0.7714285714285714,1,31,baseline
0.6199079551931987,1.0,0.6352941176470588,0.776978417266187,0,31,baseline
0.6225592274430134,1.0,0.6235294117647059,0.7681159420289855,0,32,baseline
0.6416251906077323,1.0,0.611764705882353,0.759124087591241,0,33,baseline
0.6422638324189998,1.0,0.6,0.7499999999999999,0,34,baseline
0.6467176589142146,1.0,0.5882352941176471,0.7407407407407407,0,35,baseline
0.6481364778453049,1.0,0.5764705882352941,0.7313432835820896,0,36,baseline
0.6559545793123257,1.0,0.5647058823529412,0.7218045112781954,0,37,baseline
0.6570623270191325,1.0,0.5529411764705883,0.7121212121212122,0,38,baseline
0.657080920618703,1.0,0.5411764705882353,0.7022900763358779,0,39,baseline
0.6582082043852896,1.0,0.5294117647058824,0.6923076923076924,0,40,baseline
0.6684704516333686,1.0,0.5176470588235295,0.682170542635659,0,41,baseline
0.6703743987359463,1.0,0.5058823529411764,0.671875,0,42,baseline
0.6781207929691286,1.0,0.49411764705882355,0.6614173228346457,0,43,baseline
0.6799449726412763,1.0,0.4823529411764706,0.6507936507936508,0,44,baseline
0.6881604953097455,1.0,0.47058823529411764,0.6399999999999999,0,45,baseline
0.7138314074993007,1.0,0.4588235294117647,0.6290322580645161,0,46,baseline
0.7357007412629828,1.0,0.4470588235294118,0.6178861788617886,0,47,baseline
0.7371828255169237,1.0,0.43529411764705883,0.6065573770491803,0,48,baseline
0.7411665664372323,1.0,0.4235294117647059,0.5950413223140496,0,49,baseline
0.7497204078695947,1.0,0.4117647058823529,0.5833333333333334,0,50,baseline
0.7523662165248889,1.0,0.4,0.5714285714285715,0,51,baseline
0.7549901017682055,1.0,0.38823529411764707,0.5593220338983051,0,52,baseline
0.7596050315131243,1.0,0.3764705882352941,0.547008547008547,0,53,baseline
0.7603359485315874,1.0,0.36470588235294116,0.5344827586206896,0,54,baseline
0.7606066264667007,1.0,0.35294117647058826,0.5217391304347826,0,55,baseline
0.7609014693107922,1.0,0.3411764705882353,0.5087719298245613,0,56,baseline
0.7709891933759523,1.0,0.32941176470588235,0.49557522123893805,0,57,baseline
0.7716459446213159,1.0,0.3176470588235294,0.4821428571428571,0,58,baseline
0.7758187877664853,1.0,0.3058823529411765,0.4684684684684685,0,59,baseline
0.7814664306644102,1.0,0.29411764705882354,0.45454545454545453,0,60,baseline
0.7819240610229897,1.0,0.2823529411764706,0.44036697247706424,0,61,baseline
0.7821590539220054,1.0,0.27058823529411763,0.42592592592592593,0,62,baseline
0.7835223463209009,1.0,0.25882352941176473,0.4112149532710281,0,63,baseline
0.7878772210857845,1.0,0.24705882352941178,0.39622641509433965,0,64,baseline
0.8007731789226664,1.0,0.23529411764705882,0.38095238095238093,0,65,baseline
0.8040167743880942,1.0,0.2235294117647059,0.36538461538461536,0,66,baseline
0.8062944488470489,1.0,0.2,0.33333333333333337,0,68,baseline
0.8344755610208308,1.0,0.18823529411764706,0.31683168316831684,0,69,baseline
0.8351648281425939,1.0,0.17647058823529413,0.3,0,70,baseline
0.8430596704890128,1.0,0.16470588235294117,0.2828282828282828,0,71,baseline
0.849438842795086,1.0,0.15294117647058825,0.2653061224489796,0,72,baseline
0.8565762942758245,1.0,0.1411764705882353,0.24742268041237114,0,73,baseline
0.8581093387287767,1.0,0.12941176470588237,0.22916666666666669,0,74,baseline
0.8596378275485056,1.0,0.11764705882352941,0.21052631578947367,0,75,baseline
0.8717168720177862,1.0,0.10588235294117647,0.19148936170212766,0,76,baseline
0.9026066675169548,1.0,0.09411764705882353,0.17204301075268816,0,77,baseline
0.9030821786303272,1.0,0.08235294117647059,0.15217391304347827,0,78,baseline
0.9054688440588015,1.0,0.07058823529411765,0.13186813186813187,0,79,baseline
0.9249151546345727,1.0,0.023529411764705882,0.04597701149425288,0,83,baseline
0.9273342264958253,1.0,0.011764705882352941,0.023255813953488372,0,84,baseline
0.015045532012434424,0.5029585798816568,1.0,0.6692913385826771,84,0,hybrid
0.034862538442183275,0.5059523809523809,1.0,0.6719367588932806,83,0,hybrid
0.043378942317337625,0.5089820359281437,1.0,0.6746031746031746,82,0,hybrid
0.05450421261321714,0.5120481927710844,1.0,0.6772908366533864,81,0,hybrid
0.057214820817046735,0.5151515151515151,1.0,0.6799999999999999,80,0,hybrid
0.0576487857087849,0.5182926829268293,1.0,0.6827309236947792,79,0,hybrid
0.05772247770121867,0.5214723926380368,1.0,0.6854838709677419,78,0,hybrid
0.05838025897726278,0.5246913580246914,1.0,0.6882591093117408,77,0,hybrid
0.07279871730477025,0.5279503105590062,1.0,0.6910569105691057,76,0,hybrid
0.07508376273774409,0.53125,1.0,0.6938775510204082,75,0,hybrid
0.08460508501107304,0.5345911949685535,1.0,0.6967213114754098,74,0,hybrid
0.08495990210804381,0.5379746835443038,1.0,0.6995884773662552,73,0,hybrid
0.08645060606456084,0.5414012738853503,1.0,0.7024793388429752,72,0,hybrid
0.09443722911734442,0.5448717948717948,1.0,0.7053941908713693,71,0,hybrid
0.09701810979747474,0.5483870967741935,1.0,0.7083333333333333,70,0,hybrid
0.10066946386234914,0.551948051948052,1.0,0.7112970711297071,69,0,hybrid
0.12885895407675058,0.5555555555555556,1.0,0.7142857142857143,68,0,hybrid
0.14076082873617135,0.5592105263157895,1.0,0.7172995780590717,67,0,hybrid
0.17446632058472106,0.5629139072847682,1.0,0.7203389830508474,66,0,hybrid
0.17583480293392487,0.5666666666666667,1.0,0.7234042553191489,65,0,hybrid
0.17738370607589654,0.5704697986577181,1.0,0.7264957264957265,64,0,hybrid
0.19348134898266592,0.5743243243243243,1.0,0.7296137339055794,63,0,hybrid
0.19595610591722484,0.5782312925170068,1.0,0.7327586206896551,62,0,hybrid
0.19697033973551412,0.5821917808219178,1.0,0.735930735930736,61,0,hybrid
0.20087320399063258,0.5862068965517241,1.0,0.7391304347826086,60,0,hybrid
0.20416274343894006,0.5902777777777778,1.0,0.7423580786026202,59,0,hybrid
0.2142222571989532,0.5944055944055944,1.0,0.7456140350877193,58,0,hybrid
0.21988786031966479,0.5985915492957746,1.0,0.748898678414097,57,0,hybrid
0.22028975462806508,0.6028368794326241,1.0,0.752212389380531,56,0,hybrid
0.2208883444843678,0.6071428571428571,1.0,0.7555555555555554,55,0,hybrid
0.23133056809172722,0.6115107913669064,1.0,0.7589285714285714,54,0,hybrid
0.2373784452542592,0.6159420289855072,1.0,0.7623318385650223,53,0,hybrid
0.24261405246206957,0.6204379562043796,1.0,0.7657657657657658,52,0,hybrid
0.24641691520107575,0.6176470588235294,0.9882352941176471,0.7601809954751131,52,1,hybrid
0.250199012935489,0.6222222222222222,0.9882352941176471,0.7636363636363637,51,1,hybrid
0.25140332284568795,0.6194029850746269,0.9764705882352941,0.7579908675799086,51,2,hybrid
0.25250926727885237,0.6240601503759399,0.9764705882352941,0.761467889908257,50,2,hybrid
0.25322297257090237,0.6287878787878788,0.9764705882352941,0.7649769585253456,49,2,hybrid
0.25640595845577396,0.6335877862595419,0.9764705882352941,0.7685185185185185,48,2,hybrid
0.26068427883972534,0.6307692307692307,0.9647058823529412,0.7627906976744185,48,3,hybrid
0.2649087341326441,0.6356589147286822,0.9647058823529412,0.766355140186916,47,3,hybrid
0.28092577549656444,0.640625,0.9647058823529412,0.7699530516431925,46,3,hybrid
0.28602091530133195,0.6456692913385826,0.9647058823529412,0.7735849056603773,45,3,hybrid
0.29255568266381565,0.6507936507936508,0.9647058823529412,0.7772511848341231,44,3,hybrid
0.294435689633116,0.656,0.9647058823529412,0.780952380952381,43,3,hybrid
0.30377311018455466,0.6532258064516129,0.9529411764705882,0.7751196172248804,43,4,hybrid
0.30520802205051756,0.6585365853658537,0.9529411764705882,0.778846153846154,42,4,hybrid
0.32229146476925014,0.6639344262295082,0.9529411764705882,0.7826086956521738,41,4,hybrid
0.33134983597485185,0.6694214876033058,0.9529411764705882,0.7864077669902914,40,4,hybrid
0.3337923498455194,0.6666666666666666,0.9411764705882353,0.7804878048780487,40,5,hybrid
0.3366456158761716,0.6722689075630253,0.9411764705882353,0.7843137254901961,39,5,hybrid
0.3403599911461399,0.6779661016949152,0.9411764705882353,0.7881773399014779,38,5,hybrid
0.3446415283795186,0.6837606837606838,0.9411764705882353,0.7920792079207921,37,5,hybrid
0.3464785953035218,0.6896551724137931,0.9411764705882353,0.7960199004975124,36,5,hybrid
0.34697956892198417,0.6956521739130435,0.9411764705882353,0.7999999999999999,35,5,hybrid
0.3539752409165855,0.7017543859649122,0.9411764705882353,0.8040201005025126,34,5,hybrid
0.35652767636484417,0.7079646017699115,0.9411764705882353,0.8080808080808081,33,5,hybrid
0.35848477781556204,0.7142857142857143,0.9411764705882353,0.8121827411167514,32,5,hybrid
0.37050945618531744,0.7207207207207207,0.9411764705882353,0.8163265306122449,31,5,hybrid
0.3714747643228026,0.7181818181818181,0.9294117647058824,0.8102564102564103,31,6,hybrid
0.3766758566431421,0.7247706422018348,0.9294117647058824,0.8144329896907216,30,6,hybrid
0.38229676596127443,0.7314814814814815,0.9294117647058824,0.8186528497409327,29,6,hybrid
0.3835510384812258,0.7383177570093458,0.9294117647058824,0.8229166666666666,28,6,hybrid
0.3937148888988509,0.7358490566037735,0.9176470588235294,0.8167539267015705,28,7,hybrid
0.39503958187898147,0.7428571428571429,0.9176470588235294,0.8210526315789475,27,7,hybrid
0.40211850830018436,0.75,0.9176470588235294,0.8253968253968255,26,7,hybrid
0.40725647527120595,0.7475728155339806,0.9058823529411765,0.8191489361702128,26,8,hybrid
0.4111187194141955,0.7549019607843137,0.9058823529411765,0.823529411764706,25,8,hybrid
0.4186368382514744,0.7623762376237624,0.9058823529411765,0.8279569892473118,24,8,hybrid
0.42125558420727915,0.77,0.9058823529411765,0.8324324324324326,23,8,hybrid
0.42377550349815957,0.7777777777777778,0.9058823529411765,0.8369565217391305,22,8,hybrid
0.42515545613320127,0.7857142857142857,0.9058823529411765,0.8415300546448088,21,8,hybrid
0.4574720153715917,0.7938144329896907,0.9058823529411765,0.8461538461538461,20,8,hybrid
0.4636608507055792,0.7916666666666666,0.8941176470588236,0.839779005524862,20,9,hybrid
0.4668801660214277,0.7894736842105263,0.8823529411764706,0.8333333333333333,20,10,hybrid
0.4718402465076658,0.7978723404255319,0.8823529411764706,0.8379888268156425,19,10,hybrid
0.47304923224247386,0.8241758241758241,0.8823529411764706,0.8522727272727273,16,10,hybrid
0.4758075172834241,0.8333333333333334,0.8823529411764706,0.8571428571428571,15,10,hybrid
0.4793415351679054,0.8314606741573034,0.8705882352941177,0.8505747126436781,15,11,hybrid
0.4876790913338755,0.8409090909090909,0.8705882352941177,0.8554913294797689,14,11,hybrid
0.49470187810521304,0.8505747126436781,0.8705882352941177,0.8604651162790696,13,11,hybrid
0.49930907524659235,0.8604651162790697,0.8705882352941177,0.8654970760233918,12,11,hybrid
0.5051846419786912,0.8588235294117647,0.8588235294117647,0.8588235294117647,12,12,hybrid
0.5181324047724147,0.8571428571428571,0.8470588235294118,0.8520710059171598,12,13,hybrid
0.5250467055645052,0.8554216867469879,0.8352941176470589,0.8452380952380952,12,14,hybrid
0.5439695424460088,0.8536585365853658,0.8235294117647058,0.8383233532934131,12,15,hybrid
0.5597490869900076,0.8518518518518519,0.8117647058823529,0.8313253012048193,12,16,hybrid
0.5613326623775217,0.8625,0.8117647058823529,0.8363636363636364,11,16,hybrid
0.5700915270657931,0.8734177215189873,0.8117647058823529,0.8414634146341463,10,16,hybrid
0.5744636837317797,0.8717948717948718,0.8,0.834355828220859,10,17,hybrid
0.5771950331924373,0.8831168831168831,0.8,0.8395061728395061,9,17,hybrid
0.584100606562253,0.881578947368421,0.788235294117647,0.8322981366459626,9,18,hybrid
0.604136752457758,0.8933333333333333,0.788235294117647,0.8374999999999999,8,18,hybrid
0.6088711596607751,0.9054054054054054,0.788235294117647,0.8427672955974842,7,18,hybrid
0.6092109674951109,0.9041095890410958,0.7764705882352941,0.8354430379746836,7,19,hybrid
0.6124638672252368,0.9027777777777778,0.7647058823529411,0.8280254777070064,7,20,hybrid
0.6195432603353767,0.9014084507042254,0.7529411764705882,0.8205128205128205,7,21,hybrid
0.6207055606133726,0.9,0.7411764705882353,0.8129032258064517,7,22,hybrid
0.6229471051134855,0.8985507246376812,0.7294117647058823,0.8051948051948051,7,23,hybrid
0.6263824414876824,0.8970588235294118,0.7176470588235294,0.7973856209150327,7,24,hybrid
0.629771693959224,0.8955223880597015,0.7058823529411765,0.7894736842105264,7,25,hybrid
0.6465886478084452,0.9090909090909091,0.7058823529411765,0.794701986754967,6,25,hybrid
0.6505723844539414,0.9230769230769231,0.7058823529411765,0.8000000000000002,5,25,hybrid
0.6507576387393704,0.9375,0.7058823529411765,0.8053691275167786,4,25,hybrid
0.6546995446437749,0.9365079365079365,0.6941176470588235,0.7972972972972974,4,26,hybrid
0.6577154735365723,0.9516129032258065,0.6941176470588235,0.8027210884353742,3,26,hybrid
0.6592413832297681,0.9508196721311475,0.6823529411764706,0.7945205479452054,3,27,hybrid
0.6646889378836083,0.95,0.6705882352941176,0.786206896551724,3,28,hybrid
0.6769132652983713,0.9661016949152542,0.6705882352941176,0.7916666666666666,2,28,hybrid
0.677803738895966,0.9655172413793104,0.6588235294117647,0.7832167832167832,2,29,hybrid
0.6796242647178132,0.9649122807017544,0.6470588235294118,0.7746478873239437,2,30,hybrid
0.6885173590880583,0.9642857142857143,0.6352941176470588,0.7659574468085105,2,31,hybrid
0.6897354787273478,0.9636363636363636,0.6235294117647059,0.7571428571428571,2,32,hybrid
0.6948811911836229,0.9814814814814815,0.6235294117647059,0.762589928057554,1,32,hybrid
0.7052715789112095,0.9811320754716981,0.611764705882353,0.7536231884057971,1,33,hybrid
0.7130940224345207,1.0,0.611764705882353,0.759124087591241,0,33,hybrid
0.7335188498938775,1.0,0.6,0.7499999999999999,0,34,hybrid
0.7463308427955446,1.0,0.5882352941176471,0.7407407407407407,0,35,hybrid
0.7468851337366654,1.0,0.5764705882352941,0.7313432835820896,0,36,hybrid
0.7483595666459778,1.0,0.5647058823529412,0.7218045112781954,0,37,hybrid
0.7606624323351093,1.0,0.5529411764705883,0.7121212121212122,0,38,hybrid
0.7621180332122802,1.0,0.5411764705882353,0.7022900763358779,0,39,hybrid
0.763182696922104,1.0,0.5294117647058824,0.6923076923076924,0,40,hybrid
0.7633396964432222,1.0,0.5176470588235295,0.682170542635659,0,41,hybrid
0.7642885701536649,1.0,0.5058823529411764,0.671875,0,42,hybrid
0.7743458725045277,1.0,0.49411764705882355,0.6614173228346457,0,43,hybrid
0.7793895189313718,1.0,0.4823529411764706,0.6507936507936508,0,44,hybrid
0.7886975784030406,1.0,0.47058823529411764,0.6399999999999999,0,45,hybrid
0.7891761122883397,1.0,0.4588235294117647,0.6290322580645161,0,46,hybrid
0.7905294460801493,1.0,0.4470588235294118,0.6178861788617886,0,47,hybrid
0.7909442551809428,1.0,0.43529411764705883,0.6065573770491803,0,48,hybrid
0.7926243650716944,1.0,0.4235294117647059,0.5950413223140496,0,49,hybrid
0.7963610313294239,1.0,0.4117647058823529,0.5833333333333334,0,50,hybrid
0.7974264614708386,1.0,0.4,0.5714285714285715,0,51,hybrid
0.7997991687479987,1.0,0.38823529411764707,0.5593220338983051,0,52,hybrid
0.8101451118136999,1.0,0.3764705882352941,0.547008547008547,0,53,hybrid
0.8146485141122829,1.0,0.36470588235294116,0.5344827586206896,0,54,hybrid
0.8215890552464002,1.0,0.35294117647058826,0.5217391304347826,0,55,hybrid
0.8227268355576287,1.0,0.3411764705882353,0.5087719298245613,0,56,hybrid
0.8257411693507101,1.0,0.32941176470588235,0.49557522123893805,0,57,hybrid
0.829391086366308,1.0,0.3176470588235294,0.4821428571428571,0,58,hybrid
0.8311662535199381,1.0,0.3058823529411765,0.4684684684684685,0,59,hybrid
0.842856058085044,1.0,0.29411764705882354,0.45454545454545453,0,60,hybrid
0.8458402942239697,1.0,0.2823529411764706,0.44036697247706424,0,61,hybrid
0.8477304629509571,1.0,0.27058823529411763,0.42592592592592593,0,62,hybrid
0.8488259004992255,1.0,0.25882352941176473,0.4112149532710281,0,63,hybrid
0.8586261708367267,1.0,0.24705882352941178,0.39622641509433965,0,64,hybrid
0.8602846044153817,1.0,0.23529411764705882,0.38095238095238093,0,65,hybrid
0.8712445040164396,1.0,0.2235294117647059,0.36538461538461536,0,66,hybrid
0.8737100556281494,1.0,0.21176470588235294,0.34951456310679613,0,67,hybrid
0.8878281885631065,1.0,0.2,0.33333333333333337,0,68,hybrid
0.8925699206183791,1.0,0.18823529411764706,0.31683168316831684,0,69,hybrid
0.910215320591203,1.0,0.17647058823529413,0.3,0,70,hybrid
0.931425140397105,1.0,0.16470588235294117,0.2828282828282828,0,71,hybrid
0.9358551414677146,1.0,0.15294117647058825,0.2653061224489796,0,72,hybrid
0.9372771797750216,1.0,0.1411764705882353,0.24742268041237114,0,73,hybrid
0.938474953309824,1.0,0.12941176470588237,0.22916666666666669,0,74,hybrid
0.9396446828415842,1.0,0.11764705882352941,0.21052631578947367,0,75,hybrid
0.9521998888612428,1.0,0.10588235294117647,0.19148936170212766,0,76,hybrid
0.9665851199360592,1.0,0.09411764705882353,0.17204301075268816,0,77,hybrid
0.9710480777589938,1.0,0.08235294117647059,0.15217391304347827,0,78,hybrid
0.978713355139764,1.0,0.07058823529411765,0.13186813186813187,0,79,hybrid
0.979268372709997,1.0,0.058823529411764705,0.1111111111111111,0,80,hybrid
0.984561271735615,1.0,0.047058823529411764,0.0898876404494382,0,81,hybrid
0.9883356662656957,1.0,0.03529411764705882,0.06818181818181818,0,82,hybrid
0.9889573472685917,1.0,0.023529411764705882,0.04597701149425288,0,83,hybrid
0.9950947574884161,1.0,0.011764705882352941,0.023255813953488372,0,84,hybrid
