policy,precision_target,dataset,threshold,accuracy,precision,recall,f1,true_negatives,false_positives,false_negatives,true_positives
current_precision_90,0.9,validation,0.5121174012449518,0.8757396449704142,0.9,0.8470588235294118,0.8727272727272727,76,8,13,72
current_precision_90,0.9,test,0.5121174012449518,0.9,0.8953488372093024,0.9058823529411765,0.9005847953216374,76,9,8,77
precision_90,0.9,validation,0.5121174012449518,0.8757396449704142,0.9,0.8470588235294118,0.8727272727272727,76,8,13,72
precision_90,0.9,test,0.5121174012449518,0.9,0.8953488372093024,0.9058823529411765,0.9005847953216374,76,9,8,77
precision_95,0.95,validation,0.5795205648375572,0.8224852071005917,0.9508196721311475,0.6823529411764706,0.7945205479452054,81,3,27,58
precision_95,0.95,test,0.5795205648375572,0.8823529411764706,0.9577464788732394,0.8,0.8717948717948718,82,3,17,68
precision_97,0.97,validation,0.6199079551931987,0.8165680473372781,1.0,0.6352941176470588,0.7769784172661871,84,0,31,54
precision_97,0.97,test,0.6199079551931987,0.8411764705882353,0.9833333333333333,0.6941176470588235,0.8137931034482758,84,1,26,59
precision_99,0.99,validation,0.6199079551931987,0.8165680473372781,1.0,0.6352941176470588,0.7769784172661871,84,0,31,54
precision_99,0.99,test,0.6199079551931987,0.8411764705882353,0.9833333333333333,0.6941176470588235,0.8137931034482758,84,1,26,59
