domain,label,source,category,domain_family
playpal77.ph,1,verified_gambling,gambling,playpal77.ph
rainbowspins.com,1,verified_gambling,gambling,rainbowspins.com
pinkcasino.co.uk,1,verified_gambling,gambling,pinkcasino.co.uk
doverfcu.com,0,UT1_non_gambling_category,bank,doverfcu.com
farmersstatebank.com,0,UT1_non_gambling_category,bank,farmersstatebank.com
canadasoccer.com,0,UT1_non_gambling_category,sports,canadasoccer.com
elbet.com,1,verified_gambling,gambling,elbet.com
cyworld.com.cn,0,UT1_non_gambling_category,social_networks,cyworld.com.cn
artemix.com.pl,0,UT1_non_gambling_category,shopping,artemix.com.pl
kingcasino.com,1,verified_gambling,gambling,kingcasino.com
fohboh.com,0,UT1_non_gambling_category,social_networks,fohboh.com
hfcbank.co.uk,0,UT1_non_gambling_category,bank,hfcbank.co.uk
mgame.com,0,manual_verified_non_gambling,manual,mgame.com
alfobet.com,1,verified_gambling,gambling,alfobet.com
mrluck.com,1,verified_gambling,gambling,mrluck.com
skyvegas.com,1,verified_gambling,gambling,skyvegas.com
credit-cooperatif.coop,0,UT1_non_gambling_category,bank,credit-cooperatif.coop
liveroulette.com,1,verified_gambling,gambling,liveroulette.com
kendo.org.uk,0,UT1_non_gambling_category,sports,kendo.org.uk
translate.google.je,0,UT1_non_gambling_category,translation,google.je
coin-edex-pro.com,0,UT1_non_gambling_category,jobsearch,coin-edex-pro.com
m.hollywoodbets.co.uk,1,verified_gambling,gambling,hollywoodbets.co.uk
nj.betmgm.com,1,verified_gambling,gambling,betmgm.com
igo.ph,1,verified_gambling,gambling,igo.ph
playtime.ph,1,verified_gambling,gambling,playtime.ph
casinomaxx.ph,1,verified_gambling,gambling,casinomaxx.ph
cdic.ca,0,UT1_non_gambling_category,bank,cdic.ca
csnll.org,0,UT1_non_gambling_category,sports,csnll.org
klikfifa.com,1,verified_gambling,gambling,klikfifa.com
whamoo.com,1,verified_gambling,gambling,whamoo.com
avatarpress.com,0,UT1_non_gambling_category,audio-video,avatarpress.com
doorbreaker.com,0,UT1_non_gambling_category,shopping,doorbreaker.com
freeskatelesson.com,0,UT1_non_gambling_category,sports,freeskatelesson.com
horseshoeonlinecasino.com,1,verified_gambling,gambling,horseshoeonlinecasino.com
bppoker.live,1,verified_gambling,gambling,bppoker.live
betvictor.com,1,verified_gambling,gambling,betvictor.com
curriki.org,0,UT1_non_gambling_category,social_networks,curriki.org
pushbet.co.uk,1,verified_gambling,gambling,pushbet.co.uk
big5casino.com,1,verified_gambling,gambling,big5casino.com
slotmojo.com,1,verified_gambling,gambling,slotmojo.com
coral.co.uk,1,verified_gambling,gambling,coral.co.uk
eeze.com,1,verified_gambling,gambling,eeze.com
savanvegas.com,0,UT1_non_gambling_category,games,savanvegas.com
goldennuggetcasino.com,1,verified_gambling,gambling,goldennuggetcasino.com
jackpot247.com,1,verified_gambling,gambling,jackpot247.com
blelorraine.fr,0,UT1_non_gambling_category,cooking,blelorraine.fr
translate.google.cx,0,UT1_non_gambling_category,translation,google.cx
c93dg24kellie.info,0,UT1_non_gambling_category,jobsearch,c93dg24kellie.info
amusnetgaming.com,1,verified_gambling,gambling,amusnetgaming.com
redbusbingo.com,1,verified_gambling,gambling,redbusbingo.com
progressivecu.org,0,UT1_non_gambling_category,bank,progressivecu.org
translate.google.vg,0,UT1_non_gambling_category,translation,google.vg
coinhouse-epargne.com,0,UT1_non_gambling_category,jobsearch,coinhouse-epargne.com
bingoplus.online,1,verified_gambling,gambling,bingoplus.online
sciencestage.com,0,UT1_non_gambling_category,social_networks,sciencestage.com
vegas.boylesports.com,1,verified_gambling,gambling,boylesports.com
swdtimes.com,0,UT1_non_gambling_category,press,swdtimes.com
slotpony.com,1,verified_gambling,gambling,slotpony.com
boomerangs.net,0,UT1_non_gambling_category,shopping,boomerangs.net
redcross.org.uk,0,manual_verified_non_gambling,manual,redcross.org.uk
nustarmax.com,1,verified_gambling,gambling,nustarmax.com
thepumpingstation.com,0,UT1_non_gambling_category,sports,thepumpingstation.com
cuisine.journaldesfemmes.com,0,UT1_non_gambling_category,cooking,journaldesfemmes.com
olaspill.com,1,verified_gambling,gambling,olaspill.com
24casino1.bet,1,verified_gambling,gambling,24casino1.bet
betfair.com,1,verified_gambling,gambling,betfair.com
freemail.hu,0,UT1_non_gambling_category,webmail,freemail.hu
premiere.globo.com,0,UT1_non_gambling_category,audio-video,globo.com
beadhub.com,0,UT1_non_gambling_category,shopping,beadhub.com
sportingbet.com,1,verified_gambling,gambling,sportingbet.com
cashed.com,1,verified_gambling,gambling,cashed.com
boylesports.com,1,verified_gambling,gambling,boylesports.com
gullybet.com,1,verified_gambling,gambling,gullybet.com
cdnvideo.aufeminin.com,0,UT1_non_gambling_category,audio-video,aufeminin.com
xxxsmsportal.com,0,UT1_non_gambling_category,audio-video,xxxsmsportal.com
everbelleelle.com,0,UT1_non_gambling_category,jobsearch,everbelleelle.com
swteam.info,0,UT1_non_gambling_category,audio-video,swteam.info
toupty.com,0,UT1_non_gambling_category,"child, educational_games",toupty.com
affiliates.winzir.com,1,verified_gambling,gambling,winzir.com
jannepan.nl,0,UT1_non_gambling_category,shopping,jannepan.nl
stylehop.com,0,UT1_non_gambling_category,social_networks,stylehop.com
iletaitunehistoire.com,0,UT1_non_gambling_category,child,iletaitunehistoire.com
del4yo.blogs.com,0,UT1_non_gambling_category,child,blogs.com
firstadvantagebank.com,0,UT1_non_gambling_category,bank,firstadvantagebank.com
studentscircle.net,0,UT1_non_gambling_category,social_networks,studentscircle.net
equest.org,0,UT1_non_gambling_category,sports,equest.org
messhof.com,0,UT1_non_gambling_category,games,messhof.com
24pokies1.com,1,verified_gambling,gambling,24pokies1.com
gambeta10.com,1,verified_gambling,gambling,gambeta10.com
casino.betway.com,1,verified_gambling,gambling,betway.com
topliste-movie.com,0,UT1_non_gambling_category,audio-video,topliste-movie.com
dawdle.com,0,UT1_non_gambling_category,social_networks,dawdle.com
reblz.com,1,verified_gambling,gambling,reblz.com
blackhawkparts.com,0,UT1_non_gambling_category,shopping,blackhawkparts.com
mundodeportivo.es,0,UT1_non_gambling_category,sports,mundodeportivo.es
dresslerstencils.com,0,UT1_non_gambling_category,shopping,dresslerstencils.com
2jr.org,0,UT1_non_gambling_category,child,2jr.org
delices-du-monde.fr,0,UT1_non_gambling_category,cooking,delices-du-monde.fr
men-in-kilts.com,0,UT1_non_gambling_category,shopping,men-in-kilts.com
poissonrouge.com,0,UT1_non_gambling_category,child,poissonrouge.com
n1-bet.ng,1,verified_gambling,gambling,n1-bet.ng
doostang.com,0,UT1_non_gambling_category,social_networks,doostang.com
forestgreen-ape-783865.hostingersite.com,0,UT1_non_gambling_category,jobsearch,hostingersite.com
bppoker.net,1,verified_gambling,gambling,bppoker.net
fastwin.ph,1,verified_gambling,gambling,fastwin.ph
sportsplus.ph,1,verified_gambling,gambling,sportsplus.ph
ecpod.com,0,UT1_non_gambling_category,social_networks,ecpod.com
mathador.fr,0,UT1_non_gambling_category,educational_games,mathador.fr
redcasino.com,1,verified_gambling,gambling,redcasino.com
juan365.com,1,verified_gambling,gambling,juan365.com
recettesduchef.fr,0,UT1_non_gambling_category,cooking,recettesduchef.fr
coachsformula.com,0,UT1_non_gambling_category,sports,coachsformula.com
an.no,0,UT1_non_gambling_category,press,an.no
betfred.com,1,verified_gambling,gambling,betfred.com
huskersnside.com,0,UT1_non_gambling_category,sports,huskersnside.com
mail.atlas.sk,0,UT1_non_gambling_category,webmail,atlas.sk
zwaard-steen.bene.ws,0,UT1_non_gambling_category,games,bene.ws
imailreader.com,0,UT1_non_gambling_category,webmail,imailreader.com
starsports.bet,1,verified_gambling,gambling,starsports.bet
c2h8r9.lat,0,UT1_non_gambling_category,jobsearch,c2h8r9.lat
winzir.com,1,verified_gambling,gambling,winzir.com
inplay.betway.com,1,verified_gambling,gambling,betway.com
translate.google.bf,0,UT1_non_gambling_category,translation,google.bf
translate.google.re,0,UT1_non_gambling_category,translation,google.re
king.ph,1,verified_gambling,gambling,king.ph
fanderglous.pro,0,UT1_non_gambling_category,jobsearch,fanderglous.pro
translate.google.ms,0,UT1_non_gambling_category,translation,google.ms
trousseetcartable.fr,0,UT1_non_gambling_category,child,trousseetcartable.fr
pesomaxfun.com,1,verified_gambling,gambling,pesomaxfun.com
lescoccinelles.free.fr,0,UT1_non_gambling_category,child,free.fr
greenspringgolfcourse.com,0,UT1_non_gambling_category,sports,greenspringgolfcourse.com
butterflybingo.com,1,verified_gambling,gambling,butterflybingo.com
hardrock.bet,1,verified_gambling,gambling,hardrock.bet
standardbank.com,0,UT1_non_gambling_category,bank,standardbank.com
slotsanimal.com,1,verified_gambling,gambling,slotsanimal.com
bingobet.com,1,verified_gambling,gambling,bingobet.com
divabingo.com,1,verified_gambling,gambling,divabingo.com
bahisnow.com,1,verified_gambling,gambling,bahisnow.com
regentplay.com,1,verified_gambling,gambling,regentplay.com
aparat.com,0,UT1_non_gambling_category,audio-video,aparat.com
resortscasino.com,1,verified_gambling,gambling,resortscasino.com
vacb.org,0,UT1_non_gambling_category,bank,vacb.org
dreamjackpot.com,1,verified_gambling,gambling,dreamjackpot.com
buenas.bet,1,verified_gambling,gambling,buenas.bet
ggpoker.ph,1,verified_gambling,gambling,ggpoker.ph
888sport.com,1,verified_gambling,gambling,888sport.com
santandertotta.pt,0,UT1_non_gambling_category,bank,santandertotta.pt
hpbet.com,1,verified_gambling,gambling,hpbet.com
listography.com,0,UT1_non_gambling_category,social_networks,listography.com
ww88.com,1,verified_gambling,gambling,ww88.com
eastbridge-sb.com,1,verified_gambling,gambling,eastbridge-sb.com
imo.im,0,UT1_non_gambling_category,webmail,imo.im
electricspins.com,1,verified_gambling,gambling,electricspins.com
gtongits.com,1,verified_gambling,gambling,gtongits.com
linkfilter.net,0,UT1_non_gambling_category,social_networks,linkfilter.net
poste.it,0,UT1_non_gambling_category,bank,poste.it
peryaplay.ph,1,verified_gambling,gambling,peryaplay.ph
africa-11.com,0,UT1_non_gambling_category,webmail,africa-11.com
guardspoloclub.com,0,UT1_non_gambling_category,sports,guardspoloclub.com
extraspel.com,1,verified_gambling,gambling,extraspel.com
lucky-casino.co,1,verified_gambling,gambling,lucky-casino.co
dogobet.com,1,verified_gambling,gambling,dogobet.com
b2venture.com,0,UT1_non_gambling_category,jobsearch,b2venture.com
class.kyoto-u.xyz,0,UT1_non_gambling_category,jobsearch,kyoto-u.xyz
azg.am,0,UT1_non_gambling_category,press,azg.am
casinojefe.com,1,verified_gambling,gambling,casinojefe.com
bebelusultau.ro,0,UT1_non_gambling_category,shopping,bebelusultau.ro
x37b.free.fr,0,UT1_non_gambling_category,audio-video,free.fr
stardustcasino.com,1,verified_gambling,gambling,stardustcasino.com
bet88.com,1,verified_gambling,gambling,bet88.com
rosebikes.de,0,UT1_non_gambling_category,shopping,rosebikes.de
habbo.jp,0,UT1_non_gambling_category,social_networks,habbo.jp
nitrowin.com,1,verified_gambling,gambling,nitrowin.com
thelotterlab.com,1,verified_gambling,gambling,thelotterlab.com
infomaniak.com,0,UT1_non_gambling_category,webmail,infomaniak.com
slotskingdom.co.uk,1,verified_gambling,gambling,slotskingdom.co.uk
placebet.co.uk,1,verified_gambling,gambling,placebet.co.uk
70bet.com,1,verified_gambling,gambling,70bet.com
partycasino.com,1,verified_gambling,gambling,partycasino.com
betscore24.com,1,verified_gambling,gambling,betscore24.com
gamesinhome.com,0,UT1_non_gambling_category,games,gamesinhome.com
harrahscasino.com,1,verified_gambling,gambling,harrahscasino.com
fotki.com,0,UT1_non_gambling_category,social_networks,fotki.com
ladbrokes.com,1,verified_gambling,gambling,ladbrokes.com
auuth--trez--login.webflow.io,0,UT1_non_gambling_category,jobsearch,webflow.io
translate.google.lu,0,UT1_non_gambling_category,translation,google.lu
sbobet.com,1,verified_gambling,gambling,sbobet.com
slotcrazy.com,1,verified_gambling,gambling,slotcrazy.com
finalshell.me,0,UT1_non_gambling_category,jobsearch,finalshell.me
fredericksburgstandard.com,0,UT1_non_gambling_category,press,fredericksburgstandard.com
tournamentplus.com,1,verified_gambling,gambling,tournamentplus.com
meccabingo.com,1,verified_gambling,gambling,meccabingo.com
blingwin.com,1,verified_gambling,gambling,blingwin.com
casinowinner.io,1,verified_gambling,gambling,casinowinner.io
cortrustbank.com,0,UT1_non_gambling_category,bank,cortrustbank.com
casino.fanduel.com,1,verified_gambling,gambling,fanduel.com
bwin.com,1,verified_gambling,gambling,bwin.com
gardenworx.ae,0,UT1_non_gambling_category,jobsearch,gardenworx.ae
fgbbse.blogspot.mx,0,UT1_non_gambling_category,jobsearch,blogspot.mx
enterprise-journal.com,0,UT1_non_gambling_category,press,enterprise-journal.com
primarygames.com,0,UT1_non_gambling_category,"child, educational_games, games",primarygames.com
sugarino.com,1,verified_gambling,gambling,sugarino.com
b-bets.com,1,verified_gambling,gambling,b-bets.com
rapidcasino.com,1,verified_gambling,gambling,rapidcasino.com
gladiator-slot.com,1,verified_gambling,gambling,gladiator-slot.com
snews.com,0,UT1_non_gambling_category,press,snews.com
tibao.com,0,UT1_non_gambling_category,child,tibao.com
fuelcheck.co.uk,0,UT1_non_gambling_category,bank,fuelcheck.co.uk
hannliveonline.com,1,verified_gambling,gambling,hannliveonline.com
paroles.net,0,UT1_non_gambling_category,audio-video,paroles.net
apennootje.nl,0,UT1_non_gambling_category,webmail,apennootje.nl
del4yo.squarespace.com,0,UT1_non_gambling_category,child,squarespace.com
macvillage.net,0,UT1_non_gambling_category,webmail,macvillage.net
msw.ph,1,verified_gambling,gambling,msw.ph
classicpins.com,0,UT1_non_gambling_category,shopping,classicpins.com
regalwins.com,1,verified_gambling,gambling,regalwins.com
productclash.com,0,UT1_non_gambling_category,social_networks,productclash.com
666casino.com,1,verified_gambling,gambling,666casino.com
cahierdegourmandises.fr,0,UT1_non_gambling_category,cooking,cahierdegourmandises.fr
myemail.com,0,UT1_non_gambling_category,webmail,myemail.com
linqapp.com,0,manual_verified_non_gambling,manual,linqapp.com
texarfcu.org,0,UT1_non_gambling_category,bank,texarfcu.org
voodoodreams.com,1,verified_gambling,gambling,voodoodreams.com
chaudronmagique.fr,0,UT1_non_gambling_category,cooking,chaudronmagique.fr
queenplay.com,1,verified_gambling,gambling,queenplay.com
24pokies3.com,1,verified_gambling,gambling,24pokies3.com
megafunalo.com,1,verified_gambling,gambling,megafunalo.com
789.com,1,verified_gambling,gambling,789.com
kwikky.com,1,verified_gambling,gambling,kwikky.com
gametz.com,0,UT1_non_gambling_category,games,gametz.com
nicnacnoo.com,0,UT1_non_gambling_category,games,nicnacnoo.com
telluridewatch.com,0,UT1_non_gambling_category,press,telluridewatch.com
richmoose.com,1,verified_gambling,gambling,richmoose.com
frameinteractive.com,0,UT1_non_gambling_category,games,frameinteractive.com
luckyfuel.com,1,verified_gambling,gambling,luckyfuel.com
help-trezor--wallit.webflow.io,0,UT1_non_gambling_category,jobsearch,webflow.io
winpanalo.com,1,verified_gambling,gambling,winpanalo.com
fb.com,0,UT1_non_gambling_category,social_networks,fb.com
okbet.one,1,verified_gambling,gambling,okbet.one
hawkgaming.com,1,verified_gambling,gambling,hawkgaming.com
nicoland.com,0,UT1_non_gambling_category,"child, games",nicoland.com
neighborrow.com,0,UT1_non_gambling_category,social_networks,neighborrow.com
fruits4real.com,1,verified_gambling,gambling,fruits4real.com
borgataonline.com,1,verified_gambling,gambling,borgataonline.com
breederscup.com,0,UT1_non_gambling_category,sports,breederscup.com
habbo.cn,0,UT1_non_gambling_category,social_networks,habbo.cn
ob9sg.com,1,verified_gambling,gambling,ob9sg.com
bingo.boylesports.com,1,verified_gambling,gambling,boylesports.com
laclassedelaurene.blogspot.fr,0,UT1_non_gambling_category,child,blogspot.fr
heyspin.com,1,verified_gambling,gambling,heyspin.com
sfondissimo.com,0,UT1_non_gambling_category,audio-video,sfondissimo.com
onlywire.com,0,UT1_non_gambling_category,social_networks,onlywire.com
luckydino.com,1,verified_gambling,gambling,luckydino.com
buenas.site,1,verified_gambling,gambling,buenas.site
luciddreamsstudio.com,0,UT1_non_gambling_category,games,luciddreamsstudio.com
crystalslots.com,1,verified_gambling,gambling,crystalslots.com
webecolia.fr,0,UT1_non_gambling_category,educational_games,webecolia.fr
luckygame.ph,1,verified_gambling,gambling,luckygame.ph
1-bdmbet.com,1,verified_gambling,gambling,1-bdmbet.com
anystamps.com,0,UT1_non_gambling_category,shopping,anystamps.com
mwtools.thyle.net,0,UT1_non_gambling_category,games,thyle.net
ultracasino.com,1,verified_gambling,gambling,ultracasino.com
murphysboroamerican.com,0,UT1_non_gambling_category,press,murphysboroamerican.com
auboutdelalangue.com,0,UT1_non_gambling_category,cooking,auboutdelalangue.com
championzone.ph,1,verified_gambling,gambling,championzone.ph
translate.google.tl,0,UT1_non_gambling_category,translation,google.tl
pokerstars.uk,1,verified_gambling,gambling,pokerstars.uk
mailbox.org,0,UT1_non_gambling_category,webmail,mailbox.org
alpha.hanich.hr,0,UT1_non_gambling_category,shopping,hanich.hr
solaireonline.com,1,verified_gambling,gambling,solaireonline.com
nj.betrivers.com,1,verified_gambling,gambling,betrivers.com
ghostmshop.mgame.com,0,manual_verified_non_gambling,manual,mgame.com
play.ballybet.com,1,verified_gambling,gambling,ballybet.com
ibet.com,1,verified_gambling,gambling,ibet.com
4j.com,0,UT1_non_gambling_category,games,4j.com
belepo.coreweb.hu,0,UT1_non_gambling_category,games,coreweb.hu
casinoin.ie,1,verified_gambling,gambling,casinoin.ie
betmgm.co.uk,1,verified_gambling,gambling,betmgm.co.uk
academiedugout.fr,0,UT1_non_gambling_category,cooking,academiedugout.fr
ahiba.hn,0,UT1_non_gambling_category,bank,ahiba.hn
your-mail.com,0,UT1_non_gambling_category,webmail,your-mail.com
usashooting.com,0,UT1_non_gambling_category,sports,usashooting.com
translate.google.ws,0,UT1_non_gambling_category,translation,google.ws
betmaster.eu,1,verified_gambling,gambling,betmaster.eu
live.mediaserver.kataweb.it,0,UT1_non_gambling_category,audio-video,kataweb.it
crazywin.ph,1,verified_gambling,gambling,crazywin.ph
maclasseamoa.wordpress.com,0,UT1_non_gambling_category,child,wordpress.com
smokiesbaseball.com,0,UT1_non_gambling_category,sports,smokiesbaseball.com
bet55.com,1,verified_gambling,gambling,bet55.com
translate.google.ug,0,UT1_non_gambling_category,translation,google.ug
lbusa.com,0,UT1_non_gambling_category,bank,lbusa.com
copperconnection.com,0,UT1_non_gambling_category,shopping,copperconnection.com
ps88.com,1,verified_gambling,gambling,ps88.com
skybingo.com,1,verified_gambling,gambling,skybingo.com
endorphina.com,1,verified_gambling,gambling,endorphina.com
bercare.help,0,UT1_non_gambling_category,jobsearch,bercare.help
spincasino.co.uk,1,verified_gambling,gambling,spincasino.co.uk
primblog.fr,0,UT1_non_gambling_category,child,primblog.fr
vegasland.com,1,verified_gambling,gambling,vegasland.com
postcodelottery.co.uk,1,verified_gambling,gambling,postcodelottery.co.uk
747.live,1,verified_gambling,gambling,747.live
gtaya.com,1,verified_gambling,gambling,gtaya.com
webdisk.winzir.com,1,verified_gambling,gambling,winzir.com
skycasino.com,1,verified_gambling,gambling,skycasino.com
888bingo.com,1,verified_gambling,gambling,888bingo.com
gperya.com,1,verified_gambling,gambling,gperya.com
recipezaar.com,0,UT1_non_gambling_category,social_networks,recipezaar.com
arenaplus.net,1,verified_gambling,gambling,arenaplus.net
gzone.ph,1,verified_gambling,gambling,gzone.ph
magicred.com,1,verified_gambling,gambling,magicred.com
patokbet.com,1,verified_gambling,gambling,patokbet.com
podplayer.net,0,UT1_non_gambling_category,games,podplayer.net
nustar.ph,1,verified_gambling,gambling,nustar.ph
biz-grupp.ru,0,UT1_non_gambling_category,jobsearch,biz-grupp.ru
game.mop.com,0,UT1_non_gambling_category,games,mop.com
galabingo.com,1,verified_gambling,gambling,galabingo.com
debet.bot,1,verified_gambling,gambling,debet.bot
tcfcu.coop,0,UT1_non_gambling_category,bank,tcfcu.coop
translate.google.vn,0,UT1_non_gambling_category,translation,google.vn
okgames.net,1,verified_gambling,gambling,okgames.net
tribunenews.com,0,UT1_non_gambling_category,press,tribunenews.com
67bet.com,1,verified_gambling,gambling,67bet.com
mrplay.com,1,verified_gambling,gambling,mrplay.com
casseroleetchocolat.fr,0,UT1_non_gambling_category,cooking,casseroleetchocolat.fr
xt3am.ro,0,UT1_non_gambling_category,audio-video,xt3am.ro
casumo.com,1,verified_gambling,gambling,casumo.com
imbee.com,0,UT1_non_gambling_category,social_networks,imbee.com
happyplay.ph,1,verified_gambling,gambling,happyplay.ph
recette.cuisine.notrefamille.com,0,UT1_non_gambling_category,cooking,notrefamille.com
toutatice.fr,0,UT1_non_gambling_category,child,toutatice.fr
translate.google.uz,0,UT1_non_gambling_category,translation,google.uz
batumcasino1.com,1,verified_gambling,gambling,batumcasino1.com
escortstore.com,0,UT1_non_gambling_category,shopping,escortstore.com
gamefun.ph,1,verified_gambling,gambling,gamefun.ph
5ingredients15minutes.com,0,UT1_non_gambling_category,cooking,5ingredients15minutes.com
66cc6.com,1,verified_gambling,gambling,66cc6.com
bet-at-home.de,1,verified_gambling,gambling,bet-at-home.de
earsucker.com,0,UT1_non_gambling_category,audio-video,earsucker.com
dudechaussureshop.fr,0,UT1_non_gambling_category,jobsearch,dudechaussureshop.fr
slotsmagic.com,1,verified_gambling,gambling,slotsmagic.com
lottofy.com,1,verified_gambling,gambling,lottofy.com
gladzip.com,0,UT1_non_gambling_category,jobsearch,gladzip.com
video.comedy.ru,0,UT1_non_gambling_category,audio-video,comedy.ru
translate.google.ma,0,UT1_non_gambling_category,translation,google.ma
divinereapers.org,0,UT1_non_gambling_category,games,divinereapers.org
daylymotion.com,0,UT1_non_gambling_category,audio-video,daylymotion.com
wired.s6n.com,0,UT1_non_gambling_category,audio-video,s6n.com
getlucky.com,1,verified_gambling,gambling,getlucky.com
lingvanex.com,0,UT1_non_gambling_category,translation,lingvanex.com
fruitkings.com,1,verified_gambling,gambling,fruitkings.com
howard.ca,0,UT1_non_gambling_category,shopping,howard.ca
casinoper790.com,1,verified_gambling,gambling,casinoper790.com
legendlink.com,1,verified_gambling,gambling,legendlink.com
xoplay.ph,1,verified_gambling,gambling,xoplay.ph
vkgame11.site,1,verified_gambling,gambling,vkgame11.site
jackpotjoy.com,1,verified_gambling,gambling,jackpotjoy.com
cuisineaz.com,0,UT1_non_gambling_category,cooking,cuisineaz.com
24pokies2.com,1,verified_gambling,gambling,24pokies2.com
mohegansuncasino.com,1,verified_gambling,gambling,mohegansuncasino.com
ph.747.live,1,verified_gambling,gambling,747.live
meilleurduchef.com,0,UT1_non_gambling_category,cooking,meilleurduchef.com
webmail.wanadoo.fr,0,UT1_non_gambling_category,webmail,wanadoo.fr
les-delices-de-100drine.wifeo.com,0,UT1_non_gambling_category,cooking,wifeo.com
translate.google.bi,0,UT1_non_gambling_category,translation,google.bi
netbet.co.uk,1,verified_gambling,gambling,netbet.co.uk
partypoker.com,1,verified_gambling,gambling,partypoker.com
winzir.net,1,verified_gambling,gambling,winzir.net
classeurdecole.files.wordpress.com,0,UT1_non_gambling_category,child,wordpress.com
kingsflowersfullerton.com,0,UT1_non_gambling_category,shopping,kingsflowersfullerton.com
marmiton.org,0,UT1_non_gambling_category,cooking,marmiton.org
sg8.bet,1,verified_gambling,gambling,sg8.bet
healthlottery.co.uk,1,verified_gambling,gambling,healthlottery.co.uk
cpcalendars.winzir.com,1,verified_gambling,gambling,winzir.com
siftheads.org,0,UT1_non_gambling_category,games,siftheads.org
translate.google.ac,0,UT1_non_gambling_category,translation,google.ac
epicwinvip.club,1,verified_gambling,gambling,epicwinvip.club
immortalwins.com,1,verified_gambling,gambling,immortalwins.com
translate.google.al,0,UT1_non_gambling_category,translation,google.al
verajohncasino.com,1,verified_gambling,gambling,verajohncasino.com
hashlucky.io,1,verified_gambling,gambling,hashlucky.io
centexvolleyball.org,0,UT1_non_gambling_category,sports,centexvolleyball.org
diamond-777.com,1,verified_gambling,gambling,diamond-777.com
vie.bet,1,verified_gambling,gambling,vie.bet
fichesdeprep.jimdo.com,0,UT1_non_gambling_category,child,jimdo.com
gerbeaud.com,0,UT1_non_gambling_category,"cooking, press",gerbeaud.com
kordonbet.com,1,verified_gambling,gambling,kordonbet.com
b-comb.com,0,UT1_non_gambling_category,shopping,b-comb.com
translate.google.lv,0,UT1_non_gambling_category,translation,google.lv
whimsyload.com,0,UT1_non_gambling_category,games,whimsyload.com
logicieleducatif.fr,0,UT1_non_gambling_category,"child, educational_games",logicieleducatif.fr
fnblifetime.com,0,UT1_non_gambling_category,bank,fnblifetime.com
sun-sentinel.com,0,UT1_non_gambling_category,press,sun-sentinel.com
casinosieger.com,1,verified_gambling,gambling,casinosieger.com
luckpot.ph,1,verified_gambling,gambling,luckpot.ph
luckster.com,1,verified_gambling,gambling,luckster.com
materalbum.free.fr,0,UT1_non_gambling_category,child,free.fr
plazaroyal.com,1,verified_gambling,gambling,plazaroyal.com
lacuisinedegeraldine.fr,0,UT1_non_gambling_category,cooking,lacuisinedegeraldine.fr
winkbingo.com,1,verified_gambling,gambling,winkbingo.com
yogiberra.com,0,UT1_non_gambling_category,sports,yogiberra.com
mu9.com,1,verified_gambling,gambling,mu9.com
chezcachou.com,0,UT1_non_gambling_category,cooking,chezcachou.com
okbet.help,1,verified_gambling,gambling,okbet.help
sport.netbet.co.uk,1,verified_gambling,gambling,netbet.co.uk
lakiplay.com,1,verified_gambling,gambling,lakiplay.com
englishexercises.org,0,UT1_non_gambling_category,educational_games,englishexercises.org
scorchingslots.com,1,verified_gambling,gambling,scorchingslots.com
soscuisine.com,0,UT1_non_gambling_category,cooking,soscuisine.com
citypos.org,0,UT1_non_gambling_category,jobsearch,citypos.org
roksport.com,0,UT1_non_gambling_category,shopping,roksport.com
londonfrontrunners.org,0,UT1_non_gambling_category,sports,londonfrontrunners.org
translate.google.tw,0,UT1_non_gambling_category,translation,google.tw
chessarea.com,0,UT1_non_gambling_category,games,chessarea.com
playmobil.nl,0,UT1_non_gambling_category,games,playmobil.nl
lawyrs.net,0,UT1_non_gambling_category,social_networks,lawyrs.net
lemel.com,0,UT1_non_gambling_category,webmail,lemel.com
buenas.ph,1,verified_gambling,gambling,buenas.ph
luckyvegas.com,1,verified_gambling,gambling,luckyvegas.com
gamezone.ph,1,verified_gambling,gambling,gamezone.ph
times-journal.com,0,UT1_non_gambling_category,press,times-journal.com
apricot.co.im,1,verified_gambling,gambling,apricot.co.im
meinvz.net,0,UT1_non_gambling_category,social_networks,meinvz.net
grandmondial.co.uk,1,verified_gambling,gambling,grandmondial.co.uk
saysoccer.org,0,UT1_non_gambling_category,sports,saysoccer.org
runescapeblog.co.uk,0,UT1_non_gambling_category,games,runescapeblog.co.uk
luckymate.co.uk,1,verified_gambling,gambling,luckymate.co.uk
laclassedejenny.fr,0,UT1_non_gambling_category,child,laclassedejenny.fr
echinospermum.xyz,0,UT1_non_gambling_category,jobsearch,echinospermum.xyz
mychurch.org,0,UT1_non_gambling_category,social_networks,mychurch.org
jackpotcitycasino.co.uk,1,verified_gambling,gambling,jackpotcitycasino.co.uk
tombola.com,1,verified_gambling,gambling,tombola.com
vegas.betway.com,1,verified_gambling,gambling,betway.com
monger.vekn.org,0,UT1_non_gambling_category,games,vekn.org
24bettle.com,1,verified_gambling,gambling,24bettle.com
casino-1xbet.com,1,verified_gambling,gambling,casino-1xbet.com
api.blingwin.com,1,verified_gambling,gambling,blingwin.com
dragonbet.co.uk,1,verified_gambling,gambling,dragonbet.co.uk
888poker.com,1,verified_gambling,gambling,888poker.com
athygolfclub.com,0,UT1_non_gambling_category,sports,athygolfclub.com
sports.betway.com,1,verified_gambling,gambling,betway.com
okgames.ph,1,verified_gambling,gambling,okgames.ph
leslivresple.over-blog.com,0,UT1_non_gambling_category,child,over-blog.com
tombola.co.uk,1,verified_gambling,gambling,tombola.co.uk
bakeitwithlove.com,0,UT1_non_gambling_category,cooking,bakeitwithlove.com
deskgame.com,1,verified_gambling,gambling,deskgame.com
s14.bitefight.it,0,UT1_non_gambling_category,audio-video,bitefight.it
ironcountyreporter.com,0,UT1_non_gambling_category,press,ironcountyreporter.com
betway.com,1,verified_gambling,gambling,betway.com
aussie-bet33.com,1,verified_gambling,gambling,aussie-bet33.com
sportsplus.com.ph,1,verified_gambling,gambling,sportsplus.com.ph
help.winzir.com,1,verified_gambling,gambling,winzir.com
kingclub.com,1,verified_gambling,gambling,kingclub.com
vcurams.vcu.edu,0,UT1_non_gambling_category,sports,vcu.edu
doodlejump.app,0,UT1_non_gambling_category,games,doodlejump.app
paddypower.com,1,verified_gambling,gambling,paddypower.com
fluik.com,0,UT1_non_gambling_category,games,fluik.com
barwellbusinesspark.com,0,UT1_non_gambling_category,jobsearch,barwellbusinesspark.com
nj.partycasino.com,1,verified_gambling,gambling,partycasino.com
inplay.powerplay.ph,1,verified_gambling,gambling,powerplay.ph
gentlemanjim.bet,1,verified_gambling,gambling,gentlemanjim.bet
playahead.se,0,UT1_non_gambling_category,social_networks,playahead.se
centralamusement.com,0,UT1_non_gambling_category,games,centralamusement.com
videoslots.com,1,verified_gambling,gambling,videoslots.com
casino.jackpocket.com,1,verified_gambling,gambling,jackpocket.com
thepokies.net,1,verified_gambling,gambling,thepokies.net
mediaexpert.pl,0,UT1_non_gambling_category,shopping,mediaexpert.pl
wmail.orange.fr,0,UT1_non_gambling_category,webmail,orange.fr
observertoday.com,0,UT1_non_gambling_category,press,observertoday.com
globalbank.ag,0,UT1_non_gambling_category,bank,globalbank.ag
buzzbingo.com,1,verified_gambling,gambling,buzzbingo.com
webmail.air.defense.gouv.fr,0,UT1_non_gambling_category,webmail,defense.gouv.fr
solaceinc.com,0,UT1_non_gambling_category,shopping,solaceinc.com
translate.google.tk,0,UT1_non_gambling_category,translation,google.tk
tastevegas.com,1,verified_gambling,gambling,tastevegas.com
nustargame.com,1,verified_gambling,gambling,nustargame.com
giantspins.com,1,verified_gambling,gambling,giantspins.com
bbs.diversist.com,0,UT1_non_gambling_category,jobsearch,diversist.com
mercotte.fr,0,UT1_non_gambling_category,cooking,mercotte.fr
balikcidolabi.com,0,UT1_non_gambling_category,jobsearch,balikcidolabi.com
radioblogclub.fr,0,UT1_non_gambling_category,audio-video,radioblogclub.fr
press-citizen.com,0,UT1_non_gambling_category,press,press-citizen.com
luckyvip.com,1,verified_gambling,gambling,luckyvip.com
st-barthelemy-2.overblog.com,0,UT1_non_gambling_category,child,overblog.com
hippodromecasino.com,1,verified_gambling,gambling,hippodromecasino.com
wanjinggame.com,0,UT1_non_gambling_category,games,wanjinggame.com
btimes.com,0,UT1_non_gambling_category,press,btimes.com
dongybavi.com,0,UT1_non_gambling_category,jobsearch,dongybavi.com
755bet.com,1,verified_gambling,gambling,755bet.com
playfrank.com,1,verified_gambling,gambling,playfrank.com
gamezone88.com,1,verified_gambling,gambling,gamezone88.com
nustaronline.vip,1,verified_gambling,gambling,nustaronline.vip
hollywoodbets.co.uk,1,verified_gambling,gambling,hollywoodbets.co.uk
telaquente.net,0,UT1_non_gambling_category,audio-video,telaquente.net
s5.com,1,verified_gambling,gambling,s5.com
pisogame.com,1,verified_gambling,gambling,pisogame.com
dingcasino.com,1,verified_gambling,gambling,dingcasino.com
spinnalot.com,1,verified_gambling,gambling,spinnalot.com
buenas.pro,1,verified_gambling,gambling,buenas.pro
lusofederal.com,0,UT1_non_gambling_category,bank,lusofederal.com
kingbet86.com,1,verified_gambling,gambling,kingbet86.com
cosmiccasino.org,1,verified_gambling,gambling,cosmiccasino.org
libretranslate.com,0,UT1_non_gambling_category,translation,libretranslate.com
tierfans.net,0,UT1_non_gambling_category,games,tierfans.net
bingoplus.net,1,verified_gambling,gambling,bingoplus.net
casino.netbet.co.uk,1,verified_gambling,gambling,netbet.co.uk
nj.partypoker.com,1,verified_gambling,gambling,partypoker.com
casino.boylesports.com,1,verified_gambling,gambling,boylesports.com
