domain,url_length,digit_count,special_char_count,dot_count,has_hyphen,has_gambling_keyword,is_ip,entropy,suspicious_tld,domain_age_days,has_domain_info,label,ssl_valid,dns_resolves
fbm8sm.com,10,1,1,1,0,0,0,2.8464393446710154,0,0.0,0,1,0,0
sulobet.ph,10,0,1,1,0,1,0,3.321928094887362,0,0.0,0,0,1,1
casino.jackpocket.com,21,0,2,2,0,1,0,3.499227541723357,0,5052.0,1,0,1,1
slot-secure-365.online,22,3,3,1,1,1,0,3.788754913993503,1,0.0,0,1,0,0
xoplay.ph,9,0,1,1,0,0,0,2.94770277922009,0,0.0,0,0,1,1
arenapluspro.com,16,0,1,1,0,0,0,3.5,0,367.0,1,0,1,1
bet88.com,9,2,1,1,0,1,0,2.94770277922009,0,9856.0,1,0,0,0
efc88.com,9,2,1,1,0,0,0,2.725480556997868,0,1157.0,1,1,0,1
greendrg8.com,13,1,1,1,0,0,0,3.238901256602631,0,0.0,0,1,0,0
casino-reward-888.top,21,3,3,1,1,1,0,3.7849418274376414,1,0.0,0,1,0,0
cashsweep1.com,14,1,1,1,0,0,0,3.378783493486176,0,1057.0,1,1,0,1
epicwinvip.club,15,0,1,1,0,1,0,3.323231428797621,1,2109.0,1,1,1,1
slotmojo.com,12,0,1,1,0,1,0,2.7516291673878226,0,733.0,1,0,1,1
hthbet619.com,13,3,1,1,0,1,0,3.3927474104487847,0,1940.0,1,1,0,1
sailorbingo.com,15,0,1,1,0,0,0,3.456564762130954,0,3693.0,1,0,1,1
ob9myr.com,10,1,1,1,0,0,0,2.9219280948873623,0,0.0,0,1,0,0
spellandet.net,14,0,1,1,0,0,0,3.0391486719030705,0,2935.0,1,1,1,1
biowin69go.com,14,2,1,1,0,1,0,3.3248629576173565,0,0.0,0,1,0,1
juanmate.ph,11,0,1,1,0,0,0,3.277613436819116,0,0.0,0,0,1,1
juan365.online,14,3,1,1,0,0,0,3.4677201004745,1,404.0,1,0,1,1
gamefun.ph,10,0,1,1,0,0,0,3.321928094887362,0,0.0,0,0,1,1
luckywin.ph,11,0,1,1,0,1,0,3.4594316186372973,0,0.0,0,0,1,1
bahisnow.com,12,0,1,1,0,0,0,3.4182958340544896,0,3511.0,1,1,0,1
playfortunegrand.com,20,0,1,1,0,0,0,3.9219280948873614,0,182.0,1,1,1,1
24pokies3.com,13,3,1,1,0,0,0,3.546593564294939,0,554.0,1,1,1,1
premium.com,11,0,1,1,0,0,0,3.0271691184406184,0,11315.0,1,0,1,1
regalwins.com,13,0,1,1,0,1,0,3.7004397181410926,0,3357.0,1,0,1,1
bet333.in,9,3,1,1,0,1,0,2.6416041678685938,0,0.0,0,1,1,1
inplay.ph,9,0,1,1,0,0,0,2.94770277922009,0,0.0,0,0,1,1
ww88zz.vip,10,2,1,1,0,0,0,2.721928094887362,0,0.0,0,1,0,0
zolotojarbuz.com,16,0,1,1,0,0,0,3.375,0,0.0,0,1,0,0
luckybunny.ph,13,0,1,1,0,0,0,3.238901256602631,0,0.0,0,0,1,1
ww88.com,8,2,1,1,0,0,0,2.5,0,7874.0,1,1,0,0
sportybetadder8jx6.weebly.com,29,2,2,2,0,1,0,4.099360305472399,0,7319.0,1,1,0,0
kawskaws11.com,14,2,1,1,0,0,0,3.0930692077718898,0,0.0,0,1,0,1
burgerking2u.com,16,1,1,1,0,0,0,3.625,0,0.0,0,1,0,1
nagacash9x.com,14,1,1,1,0,0,0,3.3248629576173565,0,441.0,1,1,1,1
alivate.io,10,0,1,1,0,0,0,2.9219280948873623,0,502.0,1,0,1,1
bybet.io,8,0,1,1,0,1,0,2.75,0,1301.0,1,0,1,1
ww88ww.vip,10,2,1,1,0,0,0,2.321928094887362,0,0.0,0,1,0,0
rainbowspins.com,16,0,1,1,0,0,0,3.5,0,2123.0,1,0,1,1
mu9.com,7,1,1,1,0,0,0,2.521640636343318,0,8330.0,1,1,1,1
lucky-play.net,14,0,2,1,1,0,0,3.521640636343318,0,743.0,1,1,0,0
jackpotjoy.com,14,0,1,1,0,1,0,3.1820058147602133,0,9017.0,1,0,0,1
casino-login-777.top,20,3,3,1,1,1,0,3.546439344671016,1,0.0,0,1,0,0
wintayo.com,11,0,1,1,0,1,0,3.277613436819116,0,0.0,0,0,0,1
ftrgame.sgph123.com,19,3,2,2,0,0,0,3.932138039759375,0,0.0,0,1,0,1
kn8vn.com,9,1,1,1,0,0,0,2.94770277922009,0,72.0,1,1,0,1
casinoper.com,13,0,1,1,0,1,0,3.3927474104487847,0,2138.0,1,1,0,1
slot-verify-888.online,22,3,3,1,1,1,0,3.697845823084412,1,0.0,0,1,0,0
gamezone.com.ph,15,0,2,2,0,0,0,3.373557262275185,0,0.0,0,0,1,1
inplay.betway.com,17,0,2,2,0,1,0,3.7345216647797512,0,8734.0,1,0,0,1
catcasinosx.com,15,0,1,1,0,1,0,3.1898980954642875,0,0.0,0,1,0,0
24pokies4.com,13,3,1,1,0,0,0,3.3927474104487847,0,182.0,1,1,1,1
frankglass.com,14,0,1,1,0,0,0,3.521640636343318,0,411.0,1,1,0,0
maltakasino.com,15,0,1,1,0,0,0,3.323231428797621,0,1220.0,1,1,1,1
ww88yy.vip,10,2,1,1,0,0,0,2.721928094887362,0,0.0,0,1,0,0
eeze.com,8,0,1,1,0,0,0,2.4056390622295662,0,8310.0,1,0,1,1
diyarbet121.com,15,3,1,1,0,1,0,3.773557262275186,0,0.0,0,1,0,1
casino-1xbet.com,16,1,2,1,1,1,0,3.75,0,1524.0,1,1,0,1
kordonbet213.com,16,3,1,1,0,1,0,3.702819531114783,0,0.0,0,1,0,0
pisogame.vip,12,0,1,1,0,0,0,3.2516291673878226,0,29.0,1,0,0,0
slotsofdosh.com,15,0,1,1,0,1,0,3.056564762130954,0,5462.0,1,0,1,1
bigbunny.ph,11,0,1,1,0,0,0,3.095795255000934,0,0.0,0,0,1,1
789.com,7,3,1,1,0,0,0,2.807354922057604,0,10914.0,1,0,1,1
522bet.com,10,3,1,1,0,1,0,3.1219280948873624,0,2964.0,1,1,1,1
spinnalot.com,13,0,1,1,0,0,0,3.3927474104487847,0,1761.0,1,0,0,1
fortwinbam.com,14,0,1,1,0,1,0,3.521640636343318,0,595.0,1,1,0,0
casino-ra.com,13,0,2,1,1,1,0,3.238901256602631,0,4369.0,1,1,1,1
videoslots.com,14,0,1,1,0,1,0,3.3248629576173565,0,9956.0,1,0,1,1
bppoker.ph,10,0,1,1,0,0,0,2.8464393446710154,0,0.0,0,0,0,0
2wkzr.go777.ph,14,4,2,2,0,1,0,3.3248629576173565,0,0.0,0,1,0,1
plusbet21.com,13,2,1,1,0,1,0,3.7004397181410926,0,0.0,0,1,0,0
gentlemanjim.bet,16,0,1,1,0,1,0,3.327819531114783,0,0.0,0,0,0,1
w88br.com,9,2,1,1,0,0,0,2.94770277922009,0,1424.0,1,1,1,1
arenaplus.ph,12,0,1,1,0,0,0,3.2516291673878226,0,0.0,0,0,1,1
fbmgame.online,14,0,1,1,0,0,0,3.378783493486176,1,45.0,1,0,1,1
hollywoodcasino.com,19,0,1,1,0,1,0,3.4263674884732267,0,10915.0,1,0,1,1
playxfortuna.com,16,0,1,1,0,0,0,3.75,0,143.0,1,1,1,1
captaincookcasino.co.uk,23,0,2,2,0,1,0,3.273349455962949,0,8551.0,1,0,1,1
blogib3919.com,14,4,1,1,0,0,0,3.378783493486176,0,0.0,0,1,0,0
thescore.bet,12,0,1,1,0,1,0,3.0220552088742005,0,0.0,0,0,1,1
bossbunny.ph,12,0,1,1,0,0,0,3.084962500721156,0,0.0,0,0,1,1
139.59.223.220,14,11,3,3,0,0,1,2.610577243331642,0,0.0,0,1,0,1
ww88uu.vip,10,2,1,1,0,0,0,2.721928094887362,0,124.0,1,1,1,1
bppoker.live,12,0,1,1,0,0,0,3.2516291673878226,0,0.0,0,0,0,0
digiwin.ph,10,0,1,1,0,1,0,2.8464393446710154,0,0.0,0,0,0,0
24pokies.com,12,2,1,1,0,0,0,3.4182958340544896,0,3403.0,1,1,1,1
fastwin.ph,10,0,1,1,0,1,0,3.321928094887362,0,0.0,0,0,1,1
gameph.com,10,0,1,1,0,0,0,3.1219280948873624,0,6667.0,1,0,0,1
paywayglobal.com,16,0,1,1,0,0,0,3.327819531114783,0,0.0,0,1,0,0
19msia.com,10,2,1,1,0,0,0,3.1219280948873624,0,0.0,0,1,0,0
haha777.world,13,3,1,1,0,1,0,3.026986833359288,0,0.0,0,1,0,1
suomikasino.com,15,0,1,1,0,0,0,3.1898980954642875,0,6438.0,1,0,1,1
bw988.net,9,3,1,1,0,0,0,2.94770277922009,0,2061.0,1,1,0,0
ilotbet-03121.weebly.com,24,5,3,2,1,1,0,3.8868421881310113,0,7319.0,1,1,1,1
wpcasino.net,12,0,1,1,0,1,0,3.4182958340544896,0,2895.0,1,1,0,1
betfair.com,11,0,1,1,0,1,0,3.4594316186372973,0,9523.0,1,0,0,1
partycasino.com,15,0,1,1,0,1,0,3.506890595608519,0,10210.0,1,0,1,1
betgoo200.com,13,3,1,1,0,1,0,3.180832987205441,0,0.0,0,1,0,1
1xqqsite.com,12,1,1,1,0,0,0,3.4182958340544896,0,0.0,0,1,0,1
nkryu17dc.com,13,2,1,1,0,0,0,3.546593564294939,0,484.0,1,1,0,1
asiabet338.website,18,3,1,1,0,1,0,3.239097917988786,0,0.0,0,1,0,1
spinnerikasino.com,18,0,1,1,0,0,0,3.4193819456463714,0,334.0,1,0,0,1
24pokies1.com,13,3,1,1,0,0,0,3.546593564294939,0,604.0,1,1,0,0
line35266.com,13,5,1,1,0,0,0,3.546593564294939,0,0.0,0,1,0,1
luckymate.co.uk,15,0,2,2,0,0,0,3.373557262275185,0,1024.0,1,0,0,1
buzzbingo.com,13,0,1,1,0,0,0,3.238901256602631,0,9520.0,1,0,0,1
bet-at-home.de,14,0,3,1,1,1,0,3.1820058147602133,0,0.0,0,0,1,1
rp777.vip,9,3,1,1,0,1,0,2.4193819456463714,0,357.0,1,1,1,1
juan365.ph,10,3,1,1,0,0,0,3.321928094887362,0,0.0,0,0,1,1
nj.betmgm.com,13,0,2,2,0,1,0,3.180832987205441,0,8655.0,1,0,0,1
ciprobet,8,0,0,0,0,1,0,3.0,0,0.0,0,1,0,0
buenas.plus,11,0,1,1,0,0,0,3.095795255000934,0,0.0,0,0,1,1
crazywingo.asia,15,0,1,1,0,1,0,3.456564762130954,0,73.0,1,0,1,1
123bingo.ph,11,3,1,1,0,0,0,3.4594316186372973,0,0.0,0,0,1,1
playtime.ph,11,0,1,1,0,0,0,3.277613436819116,0,0.0,0,0,1,1
evolutiongaming.com,19,0,1,1,0,0,0,3.5766176449086657,0,8067.0,1,0,1,1
thesecretsocietyxx.com,22,0,1,1,0,0,0,3.390805482076982,0,169.0,1,1,1,1
nagacash9b.homes,16,1,1,1,0,0,0,3.452819531114783,0,440.0,1,1,0,0
azino-777.live,14,3,2,1,1,1,0,3.3248629576173565,0,0.0,0,1,0,0
luckytaya.ph,12,0,1,1,0,0,0,3.2516291673878226,0,0.0,0,0,0,1
sportsplus.ph,13,0,1,1,0,0,0,2.9689185639620974,0,0.0,0,0,1,1
pocketaces-sp.ph,16,0,2,1,1,0,0,3.327819531114783,0,0.0,0,0,1,1
laviergp.com,12,0,1,1,0,0,0,3.584962500721156,0,866.0,1,0,0,1
win-bonus-888.pro,17,3,3,1,1,1,0,3.4548223999466057,0,0.0,0,1,0,0
sbobet.com,10,0,1,1,0,1,0,2.9219280948873623,0,8233.0,1,1,0,1
livebid.in,10,0,1,1,0,0,0,2.8464393446710154,0,2471.0,1,1,0,0
eplay.egamescasino.ph,21,0,2,2,0,1,0,3.6537567082870015,0,0.0,0,0,0,0
betvenedik.com,14,0,1,1,0,1,0,3.4677201004745,0,1289.0,1,1,1,1
betmaks433.com,14,3,1,1,0,1,0,3.521640636343318,0,0.0,0,1,0,1
jbac001.org,11,3,1,1,0,0,0,3.277613436819116,0,0.0,0,1,1,1
diyarbet123.com,15,3,1,1,0,1,0,3.906890595608519,0,0.0,0,1,0,1
ray097.com,10,3,1,1,0,0,0,3.321928094887362,0,1803.0,1,1,1,1
sportingbet.com,15,0,1,1,0,1,0,3.640223928941852,0,10446.0,1,0,1,1
wowgames.app,12,0,1,1,0,0,0,3.084962500721156,0,0.0,0,0,1,1
sportybetadder001.weebly.com,28,3,2,2,0,1,0,3.950212064914747,0,7319.0,1,1,0,0
skybingo.com,12,0,1,1,0,0,0,3.4182958340544896,0,9582.0,1,0,1,1
206casinoturka,14,3,0,0,0,1,0,3.664497779200461,0,0.0,0,1,0,0
uwin992.cc,10,3,1,1,0,1,0,2.9219280948873623,0,1151.0,1,1,0,1
casinoin.ie,11,0,1,1,0,1,0,2.8453509366224368,0,1170.0,1,0,1,1
sin88.club,10,2,1,1,0,0,0,3.1219280948873624,1,2360.0,1,1,1,1
z8.com,6,1,1,1,0,0,0,2.584962500721156,0,10478.0,1,1,1,1
ibet.com,8,0,1,1,0,1,0,3.0,0,10387.0,1,0,0,1
epicwin2.com,12,1,1,1,0,1,0,3.2516291673878226,0,283.0,1,1,0,0
casipol,7,0,0,0,0,0,0,2.807354922057604,0,0.0,0,1,0,0
1club1way.com,13,2,1,1,0,0,0,3.3927474104487847,0,0.0,0,1,0,0
karhubet.com,12,0,1,1,0,1,0,3.584962500721156,0,257.0,1,0,1,1
sportybetballanceader.weebly.com,32,0,2,2,0,1,0,3.8164280318460246,0,7319.0,1,1,0,0
mgt-casino.com,14,0,2,1,1,1,0,3.378783493486176,0,308.0,1,1,1,1
boss365au.com,13,3,1,1,0,0,0,3.3927474104487847,0,678.0,1,1,0,1
berlian33.club,14,2,1,1,0,0,0,3.378783493486176,1,1353.0,1,1,0,1
fortunelink.com.ph,18,0,2,2,0,0,0,3.836591668108978,0,0.0,0,0,0,1
god55.company,13,2,1,1,0,0,0,3.3927474104487847,0,0.0,0,1,1,1
diyarbet,8,0,0,0,0,1,0,3.0,0,0.0,0,1,0,0
casinomga.com,13,0,1,1,0,1,0,3.0850551027564768,0,3051.0,1,1,0,0
istanacuan.us,13,0,1,1,0,0,0,2.873140679513133,0,0.0,0,1,0,1
panaloplay.ph,13,0,1,1,0,0,0,2.815072410115944,0,0.0,0,0,1,1
arenapluspro.net,16,0,1,1,0,0,0,3.375,0,367.0,1,0,1,1
lv666,5,3,0,0,0,0,0,1.3709505944546687,0,0.0,0,1,0,0
nustargame.ph,13,0,1,1,0,0,0,3.546593564294939,0,0.0,0,0,0,1
foxybingo.com,13,0,1,1,0,0,0,3.334679141051595,0,7737.0,1,0,0,1
77win,5,2,0,0,0,1,0,1.9219280948873625,0,0.0,0,1,0,0
va-va-da.club,13,0,3,1,1,0,0,3.026986833359288,1,0.0,0,1,0,0
sportybetbalanceadderssappss.weebly.com,39,0,2,2,0,1,0,3.830811040575055,0,7319.0,1,1,0,0
nustar.ph,9,0,1,1,0,0,0,3.169925001442312,0,0.0,0,0,0,1
donaldwin.com,13,0,1,1,0,1,0,3.238901256602631,0,706.0,1,1,0,1
juan365.app,11,3,1,1,0,0,0,3.095795255000934,0,0.0,0,0,0,1
bybet.vip,9,0,1,1,0,1,0,2.94770277922009,0,457.0,1,0,1,1
vipking.ph,10,0,1,1,0,0,0,2.9219280948873623,0,0.0,0,0,0,1
poshbingo.co.uk,15,0,2,2,0,0,0,3.456564762130954,0,7215.0,1,0,1,1
cpcalendars.winzir.com,22,0,2,2,0,1,0,3.788754913993503,0,1507.0,1,0,1,1
tastevegas.com,14,0,1,1,0,0,0,3.235926350629033,0,6827.0,1,0,1,1
hunterbetting5.com,18,1,1,1,0,1,0,3.683542362433231,0,0.0,0,1,0,0
gtongits.com,12,0,1,1,0,0,0,3.084962500721156,0,128.0,1,0,1,1
optibet.com,11,0,1,1,0,1,0,3.095795255000934,0,9216.0,1,0,1,1
bet-at-home.com,15,0,3,1,1,1,0,3.240223928941852,0,9686.0,1,0,0,1
anibet.com,10,0,1,1,0,1,0,3.321928094887362,0,5079.0,1,0,0,0
vavadahades.com,15,0,1,1,0,0,0,3.106890595608519,0,55.0,1,1,1,1
zetbet.com,10,0,1,1,0,1,0,2.9219280948873623,0,5457.0,1,0,1,1
sportybetfixednetvip.weebly.com,31,0,2,2,0,1,0,4.039211536948156,0,7319.0,1,1,0,0
bongo.io,8,0,1,1,0,0,0,2.4056390622295662,0,1676.0,1,0,1,1
quinnbet.com,12,0,1,1,0,1,0,3.4182958340544896,0,3264.0,1,0,1,1
136bet.com,10,3,1,1,0,1,0,3.321928094887362,0,4236.0,1,1,1,1
casipol409.com,14,3,1,1,0,0,0,3.521640636343318,0,0.0,0,1,0,1
debet.bot,9,0,1,1,0,1,0,2.5032583347756456,0,0.0,0,1,1,1
888.com,7,3,1,1,0,0,0,2.128085278891394,0,11112.0,1,0,1,1
rlivegame.net,13,0,1,1,0,0,0,3.334679141051595,0,0.0,0,0,1,1
okplay.ph,9,0,1,1,0,0,0,2.94770277922009,0,0.0,0,0,1,1
1mebetx.com,11,1,1,1,0,1,0,3.095795255000934,0,2881.0,1,1,0,0
gladiator-slot.com,18,0,2,1,1,1,0,3.5724312513221195,0,1872.0,1,1,1,1
alpha66.shop,12,2,1,1,0,0,0,2.918295834054489,0,1435.0,1,1,0,1
efesbetcasino353.com,20,3,1,1,0,1,0,3.684183719779189,0,0.0,0,1,0,1
bigbet138.xyz,13,3,1,1,0,1,0,3.546593564294939,1,0.0,0,1,0,1
linqapp.com,11,0,1,1,0,0,0,3.277613436819116,0,5044.0,1,1,0,1
29bet.com,9,2,1,1,0,1,0,3.169925001442312,0,5238.0,1,1,0,1
stardustcasino.com,18,0,1,1,0,1,0,3.4613201402110083,0,10552.0,1,0,0,1
ina0808.com,11,4,1,1,0,0,0,3.095795255000934,0,761.0,1,1,1,1
bixbet.com,10,0,1,1,0,1,0,3.1219280948873624,0,4116.0,1,1,1,1
betvadi,7,0,0,0,0,1,0,2.807354922057604,0,0.0,0,1,0,0
casinoplatin.net,16,0,1,1,0,1,0,3.327819531114783,0,421.0,1,1,1,1
81bet.com,9,2,1,1,0,1,0,3.169925001442312,0,7115.0,1,1,1,1
nobet177.com,12,3,1,1,0,1,0,3.2516291673878226,0,102.0,1,1,0,0
betcombet,9,0,0,0,0,1,0,2.5032583347756456,0,0.0,0,1,0,0
copybet.com,11,0,1,1,0,1,0,3.095795255000934,0,4796.0,1,0,1,1
sportotobet.com,15,0,1,1,0,1,0,3.056564762130954,0,4156.0,1,1,1,1
ugaming.com,11,0,1,1,0,0,0,3.095795255000934,0,3951.0,1,0,0,0
777-azino.in,12,3,2,1,1,1,0,2.8553885422075336,0,0.0,0,1,0,0
efc88.city,10,2,1,1,0,0,0,2.9219280948873623,0,0.0,0,1,0,1
bet-free-777.xyz,16,3,3,1,1,1,0,3.2806390622295662,1,0.0,0,1,0,0
konterwd.net,12,0,1,1,0,0,0,3.084962500721156,0,61.0,1,1,0,1
anibet.ph,9,0,1,1,0,1,0,3.169925001442312,0,0.0,0,0,0,1
gperya.com,10,0,1,1,0,0,0,3.321928094887362,0,218.0,1,0,1,1
caesarcrown.com,15,0,1,1,0,0,0,3.1898980954642875,0,1724.0,1,1,0,0
111casinoviva.com,17,3,1,1,0,1,0,3.2195282822995472,0,0.0,0,1,0,0
desktaya.ph,11,0,1,1,0,0,0,3.277613436819116,0,0.0,0,0,1,1
slot-account-888.buzz,21,3,3,1,1,1,0,3.594465636961452,0,0.0,0,1,0,0
okbet.com,9,0,1,1,0,1,0,2.94770277922009,0,8182.0,1,0,1,1
betsmith.com,12,0,1,1,0,1,0,3.2516291673878226,0,4984.0,1,0,1,1
netplaypoker.com,16,0,1,1,0,0,0,3.625,0,0.0,0,1,0,0
7ll6v.cc,8,2,1,1,0,0,0,2.5,0,0.0,0,1,0,1
betboro.co.uk,13,0,2,2,0,1,0,3.026986833359288,0,3806.0,1,0,1,1
badak69.co,10,2,1,1,0,0,0,3.1219280948873624,0,812.0,1,1,0,1
jackpot247.com,14,3,1,1,0,1,0,3.521640636343318,0,8092.0,1,0,1,1
jili88asia.com,14,2,1,1,0,0,0,3.1820058147602133,0,0.0,0,1,0,1
buenas.life,11,0,1,1,0,0,0,3.277613436819116,0,0.0,0,0,1,1
eubet8my.com,12,1,1,1,0,1,0,3.2516291673878226,0,0.0,0,1,0,0
immortalwins.com,16,0,1,1,0,1,0,3.452819531114783,0,2080.0,1,0,0,1
lakiwin.com,11,0,1,1,0,1,0,3.277613436819116,0,816.0,1,0,1,1
123go.com,9,3,1,1,0,0,0,2.94770277922009,0,11141.0,1,0,1,1
rabbitreel.com,14,0,1,1,0,0,0,3.378783493486176,0,3201.0,1,0,1,1
deluxe-bet.com,14,0,2,1,1,1,0,3.4677201004745,0,277.0,1,1,0,0
bilyoncu.com,12,0,1,1,0,0,0,3.2516291673878226,0,98.0,1,1,0,1
asiabet33.net,13,2,1,1,0,1,0,3.0850551027564768,0,2913.0,1,1,1,1
22funph1.com,12,3,1,1,0,0,0,3.4182958340544896,0,1090.0,1,1,0,0
filslots.com,12,0,1,1,0,1,0,3.084962500721156,0,495.0,1,0,1,1
wowsports.ph,12,0,1,1,0,0,0,2.918295834054489,0,0.0,0,0,1,1
god55.today,11,2,1,1,0,0,0,2.913977073182752,0,0.0,0,1,1,1
orangeplusbet.com,17,0,1,1,0,1,0,3.85216872360328,0,750.0,1,1,0,1
chillybets.com,14,0,1,1,0,1,0,3.521640636343318,0,1876.0,1,0,1,1
pisogame.top,12,0,1,1,0,0,0,3.2516291673878226,1,46.0,1,0,0,0
betway.com,10,0,1,1,0,1,0,3.321928094887362,0,8734.0,1,0,1,1
wuvq4.com,9,1,1,1,0,0,0,3.169925001442312,0,0.0,0,1,0,0
mohegansuncasino.com,20,0,1,1,0,1,0,3.4464393446710155,0,8132.0,1,0,1,1
nj.playstar.com,15,0,2,2,0,0,0,3.640223928941852,0,7847.0,1,0,0,1
flexiblesport.com,17,0,1,1,0,0,0,3.7345216647797512,0,558.0,1,1,0,1
amusnetgaming.com,17,0,1,1,0,0,0,3.4548223999466057,0,4952.0,1,0,1,1
casinoclassic.co.uk,19,0,2,2,0,1,0,3.155565013329719,0,8334.0,1,0,1,1
alibaba66a.online,17,2,1,1,0,0,0,3.0286393118385746,1,1538.0,1,1,0,1
dapurbet.net,12,0,1,1,0,1,0,3.2516291673878226,0,166.0,1,1,0,1
fruitkings.com,14,0,1,1,0,0,0,3.664497779200461,0,7465.0,1,0,1,1
888bingo.com,12,3,1,1,0,0,0,3.0220552088742005,0,8634.0,1,0,1,1
dunia11bola.com,15,2,1,1,0,0,0,3.506890595608519,0,0.0,0,1,0,1
casinomaxx.ph,13,0,1,1,0,1,0,3.3927474104487847,0,0.0,0,0,1,1
matchbook.com,13,0,1,1,0,0,0,3.026986833359288,0,11355.0,1,0,1,1
casino.betway.com,17,0,2,2,0,1,0,3.616874605956222,0,8734.0,1,0,1,1
747live.net,11,3,1,1,0,0,0,3.095795255000934,0,1666.0,1,1,0,1
a9ty.com,8,1,1,1,0,0,0,3.0,0,946.0,1,1,0,1
postcodelottery.co.uk,21,0,2,2,0,0,0,3.499227541723357,0,8189.0,1,0,1,1
deskace.com,11,0,1,1,0,0,0,3.095795255000934,0,2066.0,1,0,1,1
365-bets.com,12,3,2,1,1,1,0,3.584962500721156,0,372.0,1,1,0,0
okbet.one,9,0,1,1,0,1,0,2.725480556997868,0,1524.0,1,0,1,1
casino-royal.net,16,0,2,1,1,1,0,3.625,0,3192.0,1,1,0,1
genieriches.com,15,0,1,1,0,0,0,3.323231428797621,0,1992.0,1,0,0,1
nustargame.com.ph,17,0,2,2,0,0,0,3.7345216647797512,0,0.0,0,0,1,1
slotzy.com,10,0,1,1,0,1,0,3.1219280948873624,0,7243.0,1,0,1,1
nj.partycasino.com,18,0,2,2,0,1,0,3.614369445886757,0,10210.0,1,0,1,1
747live.asia,12,3,1,1,0,0,0,3.084962500721156,0,1510.0,1,1,0,1
y9.com,6,1,1,1,0,0,0,2.584962500721156,0,10562.0,1,1,0,1
win-jackpot-777.vip,19,3,3,1,1,1,0,3.6818808028034025,0,0.0,0,1,0,0
canada777.com,13,3,1,1,0,1,0,2.815072410115944,0,2072.0,1,1,0,1
god55.wiki,10,2,1,1,0,0,0,2.9219280948873623,0,0.0,0,1,1,1
buenas.site,11,0,1,1,0,0,0,3.095795255000934,1,825.0,1,0,1,1
richbet.co.uk,13,0,2,2,0,1,0,3.3927474104487847,0,821.0,1,0,0,1
msw.ph,6,0,1,1,0,0,0,2.584962500721156,0,0.0,0,0,1,1
elyucasino.com,14,0,1,1,0,1,0,3.521640636343318,0,1332.0,1,1,0,1
luxurycasino.co.uk,18,0,2,2,0,1,0,3.5724312513221195,0,4733.0,1,0,1,1
kingspin.co.uk,14,0,2,2,0,0,0,3.235926350629033,0,2117.0,1,0,0,0
betwin.ph,9,0,1,1,0,1,0,3.169925001442312,0,0.0,0,0,0,0
juan365.com,11,3,1,1,0,0,0,3.4594316186372973,0,429.0,1,0,0,1
betwin78.net,12,2,1,1,0,1,0,3.084962500721156,0,641.0,1,1,1,1
hawkgaming888.com,17,3,1,1,0,0,0,3.4548223999466057,0,953.0,1,0,0,0
vegas.betway.com,16,0,2,2,0,1,0,3.625,0,8734.0,1,0,1,1
ps88.com,8,2,1,1,0,0,0,2.75,0,4615.0,1,0,1,1
bbet.ph,7,0,1,1,0,1,0,2.521640636343318,0,0.0,0,0,0,1
sg8.zone,8,1,1,1,0,0,0,3.0,0,0.0,0,0,1,1
wownumero.ph,12,0,1,1,0,0,0,3.2516291673878226,0,0.0,0,0,1,1
buffalospins.com,16,0,1,1,0,0,0,3.625,0,1940.0,1,0,0,1
casino-free-365.click,21,3,3,1,1,1,0,3.880179922675738,0,0.0,0,1,0,0
api.pin77.com,13,2,2,2,0,0,0,3.0850551027564768,0,2135.0,1,0,1,1
mrplay.com,10,0,1,1,0,0,0,3.1219280948873624,0,6361.0,1,0,0,1
sportybetgift.weebly.com,24,0,2,2,0,1,0,3.8553885422075336,0,7319.0,1,1,0,0
pinkcasino.co.uk,16,0,2,2,0,1,0,3.25,0,5905.0,1,0,1,1
sportybetadder8jxx6.weebly.com,30,2,2,2,0,1,0,4.106890595608519,0,7319.0,1,1,1,1
peachygames.com,15,0,1,1,0,0,0,3.373557262275185,0,5196.0,1,0,1,1
ob9sg.com,9,1,1,1,0,0,0,2.94770277922009,0,0.0,0,1,0,1
inplay.1play.ph,15,1,2,2,0,0,0,3.056564762130954,0,0.0,0,0,1,1
apricot.co.im,13,0,2,2,0,0,0,3.0850551027564768,0,0.0,0,0,1,1
sportbetng247.weebly.com,24,3,2,2,0,1,0,4.053508854797678,0,7319.0,1,1,0,0
sportbetadderapk.weebly.com,27,0,2,2,0,1,0,3.8659986132745794,0,7319.0,1,1,0,0
placebet.co.uk,14,0,2,2,0,1,0,3.378783493486176,0,8034.0,1,0,1,1
texasplus.ph,12,0,1,1,0,0,0,3.2516291673878226,0,0.0,0,0,0,0
fbmcasino.ph,12,0,1,1,0,1,0,3.584962500721156,0,0.0,0,0,1,1
slotskingdom.co.uk,18,0,2,2,0,1,0,3.5724312513221195,0,3344.0,1,0,1,1
bet365virtual.com,17,3,1,1,0,1,0,3.9698157824268097,0,2071.0,1,1,0,1
dogobet.com,11,0,1,1,0,1,0,3.0271691184406184,0,2592.0,1,1,0,1
okbet.link,10,0,1,1,0,1,0,3.1219280948873624,0,1512.0,1,0,1,1
ommer-automaten.nl,18,0,2,1,1,0,0,3.350209029099897,0,1006.0,1,1,0,1
maximalwins.com,15,0,1,1,0,1,0,3.323231428797621,0,2020.0,1,1,1,1
play.bingoplus.com,18,0,2,2,0,0,0,3.725480556997868,0,8407.0,1,0,1,1
okgames.ph,10,0,1,1,0,0,0,3.321928094887362,0,0.0,0,0,1,1
egamescasino.ph,15,0,1,1,0,1,0,3.506890595608519,0,0.0,0,0,1,1
ph.747live.com,14,3,2,2,0,0,0,3.521640636343318,0,4631.0,1,0,1,1
24bettle.com,12,2,1,1,0,1,0,3.2516291673878226,0,3929.0,1,0,0,1
ecasino.mgame.ph,16,0,2,2,0,1,0,3.5,0,0.0,0,0,0,1
okbet.help,10,0,1,1,0,1,0,3.1219280948873624,0,1511.0,1,0,1,1
karera.live,11,0,1,1,0,0,0,2.913977073182752,0,0.0,0,0,1,1
sportybetoddlink.weebly.com,27,0,2,2,0,1,0,3.9582291686698783,0,7319.0,1,1,0,1
slotpony.com,12,0,1,1,0,1,0,3.188721875540867,0,731.0,1,0,1,1
dinamitbet,10,0,0,0,0,1,0,2.9219280948873623,0,0.0,0,1,0,0
justwow.com,11,0,1,1,0,0,0,3.095795255000934,0,8557.0,1,0,1,1
mrluck.com,10,0,1,1,0,0,0,2.9219280948873623,0,7742.0,1,0,1,1
hpbet.com,9,0,1,1,0,1,0,3.169925001442312,0,3724.0,1,0,0,1
cashking8.net,13,1,1,1,0,0,0,3.546593564294939,0,0.0,0,1,0,1
tournaverse.com,15,0,1,1,0,0,0,3.506890595608519,0,2025.0,1,0,0,1
arenaplus.net,13,0,1,1,0,0,0,3.238901256602631,0,1263.0,1,0,1,1
rrbet.com,9,0,1,1,0,1,0,2.94770277922009,0,5505.0,1,1,1,1
combowin.ph,11,0,1,1,0,1,0,3.277613436819116,0,0.0,0,0,0,0
debet.moi,9,0,1,1,0,1,0,2.94770277922009,0,0.0,0,1,1,1
crazywin.ph,11,0,1,1,0,1,0,3.4594316186372973,0,0.0,0,0,1,1
1xbetloan.weebly.com,20,1,2,2,0,1,0,3.684183719779189,0,7319.0,1,1,0,0
luckybet155,11,3,0,0,0,1,0,3.277613436819116,0,0.0,0,1,0,0
lotpetir500.net,15,3,1,1,0,0,0,3.323231428797621,0,0.0,0,1,0,1
phlove.org,10,0,1,1,0,0,0,3.1219280948873624,0,787.0,1,1,0,1
747live.club,12,3,1,1,0,0,0,3.2516291673878226,1,1510.0,1,1,0,1
kingcasino.ph,13,0,1,1,0,1,0,3.3927474104487847,0,0.0,0,0,0,1
gt01.net,8,2,1,1,0,0,0,2.75,0,0.0,0,1,0,0
betg366.start.page,18,3,2,2,0,1,0,3.350209029099897,0,0.0,0,1,0,0
dragonbet.co.uk,15,0,2,2,0,1,0,3.640223928941852,0,1840.0,1,0,0,1
casino-bonus-365.top,20,3,3,1,1,1,0,3.784183719779189,1,0.0,0,1,0,0
bet88.io,8,2,1,1,0,1,0,2.75,0,1397.0,1,0,0,1
diamond-777.com,15,3,2,1,1,1,0,3.1898980954642875,0,1865.0,1,1,1,1
s5vip.ph,8,1,1,1,0,0,0,2.75,0,0.0,0,0,1,1
batumcasino1.com,16,1,1,1,0,1,0,3.5,0,0.0,0,1,0,1
koboy789.me,11,3,1,1,0,0,0,3.277613436819116,0,0.0,0,1,0,0
bangbet.weebly.com,18,0,2,2,0,1,0,3.530493056757482,0,7319.0,1,1,0,0
luckster.com,12,0,1,1,0,0,0,3.4182958340544896,0,9234.0,1,0,1,1
888sport.com,12,3,1,1,0,0,0,3.0220552088742005,0,7785.0,1,0,1,1
aussie-bet33.com,16,2,2,1,1,1,0,3.625,0,87.0,1,1,1,1
888amd.com,10,3,1,1,0,0,0,2.646439344671016,0,249.0,1,1,1,1
hawkgaming.com.ph,17,0,2,2,0,0,0,3.4992275471326924,0,0.0,0,0,0,0
nustarmax.com,13,0,1,1,0,0,0,3.3927474104487847,0,764.0,1,0,1,1
lucky-casino.co,15,0,2,1,1,1,0,3.456564762130954,0,0.0,0,1,1,1
betnet9,7,1,0,0,0,1,0,2.235926350629033,0,0.0,0,1,0,0
a66.today,9,2,1,1,0,0,0,2.725480556997868,0,0.0,0,1,0,1
cosmiccasino.org,16,0,1,1,0,1,0,3.1556390622295662,0,5148.0,1,1,1,1
uni99.com,9,2,1,1,0,0,0,2.94770277922009,0,5876.0,1,1,0,1
super8r.com,11,1,1,1,0,0,0,3.277613436819116,0,516.0,1,1,0,1
ey6dmx.com,10,1,1,1,0,0,0,3.1219280948873624,0,0.0,0,1,1,1
bppoker.net,11,0,1,1,0,0,0,3.095795255000934,0,793.0,1,0,0,0
novalink.com.ph,15,0,2,2,0,0,0,3.506890595608519,0,0.0,0,0,1,1
747live.biz,11,3,1,1,0,0,0,3.095795255000934,0,1510.0,1,1,0,1
nj.betparx.com,14,0,2,2,0,1,0,3.664497779200461,0,3345.0,1,0,0,1
fruits4real.com,15,1,1,1,0,0,0,3.773557262275186,0,5231.0,1,0,0,1
amusnet.nl,10,0,1,1,0,0,0,3.1219280948873624,0,1087.0,1,0,1,1
efesbet259.com,14,3,1,1,0,1,0,3.4677201004745,0,0.0,0,1,0,1
tombola.co.uk,13,0,2,2,0,0,0,3.180832987205441,0,9673.0,1,0,1,1
sg8.casino,10,1,1,1,0,1,0,3.1219280948873624,0,0.0,0,0,0,1
casino-europa.eu,16,0,2,1,1,1,0,3.5,0,0.0,0,1,1,1
bybet.app,9,0,1,1,0,1,0,2.725480556997868,0,0.0,0,0,1,1
bppoker.app,11,0,1,1,0,0,0,2.7321588913645702,0,0.0,0,0,0,0
axwin.ie,8,0,1,1,0,1,0,2.75,0,978.0,1,0,1,1
lotus365.com,12,3,1,1,0,0,0,3.4182958340544896,0,1573.0,1,1,1,1
kingjackpot.co.uk,17,0,2,2,0,1,0,3.4548223999466057,0,7076.0,1,0,1,1
lakigames.com,13,0,1,1,0,0,0,3.3927474104487847,0,749.0,1,0,1,1
redbusbingo.com,15,0,1,1,0,0,0,3.640223928941852,0,7306.0,1,0,1,1
rapidcasino.com,15,0,1,1,0,1,0,3.373557262275185,0,8435.0,1,0,0,1
wagerstreet.net,15,0,1,1,0,0,0,2.923231428797621,0,649.0,1,1,1,1
baffalo39a.com,14,2,1,1,0,0,0,3.1820058147602133,0,0.0,0,1,0,1
lavbet321.com,13,3,1,1,0,1,0,3.7004397181410926,0,156.0,1,1,0,0
nagacash9b.beauty,17,1,1,1,0,0,0,3.4992275471326924,0,411.0,1,1,0,0
devrebet71.com,14,2,1,1,0,1,0,3.4677201004745,0,0.0,0,1,0,1
ebingo.mgame.ph,15,0,2,2,0,0,0,3.373557262275185,0,0.0,0,0,0,1
kaiyun sports,13,0,1,0,0,0,0,3.546593564294939,0,0.0,0,1,0,0
win-login-888.vip,17,3,3,1,1,1,0,3.29277019393699,0,0.0,0,1,0,0
nustaronline.vip,16,0,1,1,0,0,0,3.577819531114783,0,563.0,1,0,1,1
betmaster.ie,12,0,1,1,0,1,0,3.0220552088742005,0,1724.0,1,0,1,1
jabrixtogel.com,15,0,1,1,0,0,0,3.773557262275186,0,149.0,1,1,0,1
jumpalagi666.com,16,3,1,1,0,0,0,3.452819531114783,0,652.0,1,1,0,1
djarum89.me,11,2,1,1,0,0,0,3.277613436819116,0,0.0,0,1,0,1
bet55.com,9,2,1,1,0,1,0,2.94770277922009,0,405.0,1,1,1,1
poker-verify-777.site,21,3,3,1,1,1,0,3.6537567082870015,1,0.0,0,1,0,0
buenas.ph,9,0,1,1,0,0,0,3.169925001442312,0,0.0,0,0,1,1
918sse.com,10,3,1,1,0,0,0,3.1219280948873624,0,333.0,1,1,0,1
777pub.org,10,3,1,1,0,1,0,2.8464393446710154,0,1388.0,1,1,0,1
ggpanalo.com,12,0,1,1,0,0,0,3.084962500721156,0,309.0,1,0,1,1
fun-88.in,9,2,2,1,1,0,0,2.725480556997868,0,1262.0,1,1,0,0
pin77.ph,8,2,1,1,0,0,0,2.5,0,0.0,0,0,1,1
megabahis.com,13,0,1,1,0,0,0,3.3927474104487847,0,8694.0,1,1,1,1
okgames.com,11,0,1,1,0,0,0,3.095795255000934,0,8326.0,1,0,1,1
ilotbetzipeg1li2itch.weebly.com,31,2,2,2,0,1,0,3.873235826376329,0,7319.0,1,1,0,1
onbet111.com,12,3,1,1,0,1,0,3.0220552088742005,0,1502.0,1,1,1,1
casino-888.club,15,3,2,1,1,1,0,3.456564762130954,1,1594.0,1,1,1,1
slamz.com,9,0,1,1,0,0,0,2.94770277922009,0,7850.0,1,0,1,1
dreamjackpot.com,16,0,1,1,0,1,0,3.5,0,3832.0,1,0,0,1
betperial32.com,15,2,1,1,0,1,0,3.773557262275186,0,0.0,0,1,0,1
play-azart.com,14,0,2,1,1,0,0,3.4677201004745,0,0.0,0,1,0,0
betscore24.com,14,2,1,1,0,1,0,3.378783493486176,0,0.0,0,1,1,1
quickbet.co.uk,14,0,2,2,0,1,0,3.235926350629033,0,3477.0,1,0,1,1
rbvn08.com,10,2,1,1,0,0,0,3.321928094887362,0,1354.0,1,1,1,1
gzone.ph,8,0,1,1,0,0,0,3.0,0,0.0,0,0,1,1
bahisnov,8,0,0,0,0,0,0,3.0,0,0.0,0,1,0,0
buffalo39,9,2,0,0,0,0,0,2.94770277922009,0,0.0,0,1,0,0
thepokies.net,13,0,1,1,0,0,0,3.180832987205441,0,1722.0,1,1,1,1
rembrandtcasino.com,19,0,1,1,0,1,0,3.616348566075165,0,5483.0,1,0,1,1
bilamng.ph,10,0,1,1,0,0,0,3.321928094887362,0,0.0,0,1,0,1
c1al9.com,9,2,1,1,0,0,0,2.94770277922009,0,717.0,1,1,1,1
bet66.in,8,2,1,1,0,1,0,2.75,0,1550.0,1,1,1,1
winzir.com.ph,13,0,2,2,0,1,0,3.3927474104487847,0,0.0,0,0,1,1
djarumsoccer.com,16,0,1,1,0,0,0,3.327819531114783,0,1871.0,1,1,0,1
luckyvegas.com,14,0,1,1,0,0,0,3.664497779200461,0,10312.0,1,0,0,1
gj99.online,11,2,1,1,0,0,0,3.095795255000934,1,388.0,1,1,0,1
fun88,5,2,0,0,0,0,0,1.9219280948873625,0,0.0,0,1,0,0
kajotgames.com,14,0,1,1,0,0,0,3.378783493486176,0,5457.0,1,0,1,1
chamba77.com,12,2,1,1,0,0,0,2.918295834054489,0,0.0,0,0,0,0
redcasino.com,13,0,1,1,0,1,0,3.3927474104487847,0,9609.0,1,0,0,1
arrise.com,10,0,1,1,0,0,0,3.1219280948873624,0,9362.0,1,0,0,1
wowspin.ph,10,0,1,1,0,0,0,2.9219280948873623,0,0.0,0,0,1,1
php777.com,10,3,1,1,0,1,0,2.646439344671016,0,3700.0,1,0,0,1
casino1bet.online,17,1,1,1,0,1,0,3.4548223999466057,1,442.0,1,1,0,0
casino.fanduel.com,18,0,2,2,0,1,0,3.614369445886757,0,6205.0,1,0,1,1
richmoose.com,13,0,1,1,0,0,0,3.026986833359288,0,583.0,1,0,1,1
mrvegas.com,11,0,1,1,0,0,0,3.277613436819116,0,10686.0,1,0,1,1
sunny-casino.net,16,0,2,1,1,1,0,3.375,0,0.0,0,1,0,0
sportsworld.ph,14,0,1,1,0,0,0,3.235926350629033,0,0.0,0,0,0,0
747-2.com,9,4,2,1,1,0,0,2.94770277922009,0,969.0,1,1,0,1
ghostmshop.mgame.com,20,0,2,2,0,0,0,3.284183719779189,0,9650.0,1,0,1,1
god55partnership.com,20,2,1,1,0,0,0,3.9219280948873614,0,411.0,1,1,1,1
bingoworld.online,17,0,1,1,0,0,0,3.29277019393699,1,333.0,1,0,0,0
resortscasino.com,17,0,1,1,0,1,0,3.29277019393699,0,9385.0,1,0,1,1
jackpotstar.com,15,0,1,1,0,1,0,3.373557262275185,0,8460.0,1,0,1,1
pin77.com,9,2,1,1,0,0,0,2.94770277922009,0,2135.0,1,0,1,1
lottofy.com,11,0,1,1,0,0,0,2.8453509366224368,0,3231.0,1,0,0,1
god55.international,19,2,1,1,0,0,0,3.471354487013929,0,0.0,0,1,1,1
bafkreih37hzjc4n4elusfak5z5ktjgy5tvfy4nzk4hql3huz3betpe3nqe.ipfs.dweb.link,74,12,3,3,0,1,0,4.619605521145916,0,3333.0,1,1,0,0
tournamentplus.com,18,0,1,1,0,0,0,3.614369445886757,0,2957.0,1,0,1,1
gamebookers.com,15,0,1,1,0,0,0,3.323231428797621,0,9525.0,1,0,1,1
spincasino.co.uk,16,0,2,2,0,1,0,3.25,0,6957.0,1,0,1,1
midnite.com,11,0,1,1,0,0,0,3.095795255000934,0,8222.0,1,0,0,1
gambeta10.com,13,2,1,1,0,1,0,3.3927474104487847,0,1438.0,1,0,1,1
cardtime.ph,11,0,1,1,0,0,0,3.4594316186372973,0,0.0,0,0,1,1
epicwin.vip,11,0,1,1,0,1,0,2.8453509366224368,0,0.0,0,1,0,0
slotsmagic.co.uk,16,0,2,2,0,1,0,3.5,0,4847.0,1,0,1,1
webdisk.winzir.com,18,0,2,2,0,1,0,3.683542362433231,0,1507.0,1,0,1,1
sportybetadderwebs86.weebly.com,31,2,2,2,0,1,0,3.91017927888364,0,7319.0,1,1,0,0
casino-super.net,16,0,2,1,1,1,0,3.625,0,0.0,0,1,1,1
queenplay.com,13,0,1,1,0,0,0,3.546593564294939,0,5166.0,1,0,1,1
palmsbet1.com,13,1,1,1,0,1,0,3.546593564294939,0,597.0,1,1,0,1
vkgame11.site,13,2,1,1,0,0,0,3.3927474104487847,1,1874.0,1,1,1,1
boba303.top,11,3,1,1,0,0,0,2.913977073182752,1,73.0,1,1,0,1
ekolbet164.com,14,3,1,1,0,1,0,3.521640636343318,0,0.0,0,1,0,1
slotsquad.com,13,0,1,1,0,1,0,3.3927474104487847,0,3623.0,1,0,1,1
hermes-bets.net,15,0,2,1,1,1,0,3.106890595608519,0,0.0,0,1,0,0
noc.mgame.com,13,0,2,2,0,0,0,2.873140679513133,0,9650.0,1,0,0,0
peryacity.ph,12,0,1,1,0,0,0,3.2516291673878226,0,0.0,0,0,0,1
win-secure-888.pro,18,3,3,1,1,1,0,3.5724312513221195,0,0.0,0,1,0,0
betalltimes.com,15,0,1,1,0,1,0,3.373557262275185,0,0.0,0,1,0,0
freebettingreviews.com,22,0,1,1,0,1,0,3.6589934152538057,0,2217.0,1,1,0,1
888poker.com,12,3,1,1,0,0,0,3.0220552088742005,0,8951.0,1,0,0,1
mgame.ph,8,0,1,1,0,0,0,2.75,0,0.0,0,0,1,1
888casino.com,13,3,1,1,0,1,0,3.026986833359288,0,9053.0,1,0,0,1
fb.thegamesguys.com,19,0,2,2,0,0,0,3.721611723969901,0,0.0,0,1,0,0
betsmoveguncel.com,18,0,1,1,0,1,0,3.5724312513221195,0,1425.0,1,1,0,0
deskgame.com,12,0,1,1,0,0,0,3.2516291673878226,0,8257.0,1,0,0,1
beternuipouli.web.app,21,0,2,2,0,1,0,3.558518613048906,0,0.0,0,1,0,0
relax-gaming.com,16,0,2,1,1,0,0,3.625,0,5421.0,1,0,1,1
thelottery.co.uk,16,0,2,2,0,0,0,3.327819531114783,0,9770.0,1,0,0,1
jbag888.com,11,3,1,1,0,0,0,3.0271691184406184,0,182.0,1,1,0,0
uni166.com,10,3,1,1,0,0,0,3.1219280948873624,0,3397.0,1,1,0,1
greatway-casino.net,19,0,2,1,1,1,0,3.6818808028034025,0,0.0,0,1,0,0
sport.netbet.co.uk,18,0,3,3,0,1,0,3.4193819456463714,0,7283.0,1,0,0,1
alfabahis33.com,15,2,1,1,0,0,0,3.456564762130954,0,0.0,0,1,0,1
jackpotcity.ph,14,0,1,1,0,1,0,3.378783493486176,0,0.0,0,0,0,0
betsolid.com,12,0,1,1,0,1,0,3.4182958340544896,0,1999.0,1,0,1,1
shahrebazi.club,15,0,1,1,0,0,0,3.506890595608519,1,0.0,0,1,0,0
crystalslots.com,16,0,1,1,0,1,0,3.202819531114783,0,4138.0,1,0,1,1
god55vn5.com,12,3,1,1,0,0,0,3.0220552088742005,0,683.0,1,1,1,1
katsu5.xyz,10,1,1,1,0,0,0,3.321928094887362,1,0.0,0,1,0,1
bet88.ph,8,2,1,1,0,1,0,2.75,0,0.0,0,0,1,1
win-login-365.vip,17,3,3,1,1,1,0,3.572469458770135,0,0.0,0,1,0,0
god55m2.net,11,3,1,1,0,0,0,3.277613436819116,0,1718.0,1,1,1,1
betrupi165.com,14,3,1,1,0,1,0,3.807354922057604,0,0.0,0,1,0,1
starsportsbet.co.uk,19,0,2,2,0,1,0,3.431623565847431,0,6003.0,1,0,1,1
lakijackpot.com,15,0,1,1,0,1,0,3.373557262275185,0,774.0,1,0,1,1
pisogame.bet,12,0,1,1,0,1,0,3.4182958340544896,0,0.0,0,0,1,1
sports.betway.com,17,0,2,2,0,1,0,3.616874605956222,0,8734.0,1,0,1,1
n1-bet.ng,9,1,2,1,1,1,0,2.94770277922009,0,0.0,0,1,1,1
white-casino.net,16,0,2,1,1,1,0,3.5,0,0.0,0,1,0,0
hardrock.bet,12,0,1,1,0,1,0,3.4182958340544896,0,0.0,0,0,0,1
luckyvip.com,12,0,1,1,0,0,0,3.4182958340544896,0,7342.0,1,0,0,1
babu88bd.com,12,2,1,1,0,0,0,3.0220552088742005,0,1390.0,1,1,1,1
kwikky.com,10,0,1,1,0,0,0,2.8464393446710154,0,5640.0,1,0,1,1
win-verify-365.pro,18,3,3,1,1,1,0,3.836591668108978,0,0.0,0,1,0,0
bingobet.com,12,0,1,1,0,1,0,3.2516291673878226,0,10857.0,1,0,1,1
netbet.co.uk,12,0,2,2,0,1,0,3.084962500721156,0,7283.0,1,0,1,1
1xbet.com,9,1,1,1,0,1,0,3.169925001442312,0,7163.0,1,1,0,1
buenas.bet,10,0,1,1,0,1,0,2.9219280948873623,0,0.0,0,0,1,1
buenas.vip,10,0,1,1,0,0,0,3.321928094887362,0,826.0,1,0,0,1
russiavulcanx.com,17,0,1,1,0,0,0,3.616874605956222,0,0.0,0,1,0,0
diyarbet120.com,15,3,1,1,0,1,0,3.906890595608519,0,0.0,0,1,0,1
skybet.com,10,0,1,1,0,1,0,3.321928094887362,0,10043.0,1,0,1,1
bcasino.ph,10,0,1,1,0,1,0,3.321928094887362,0,0.0,0,0,0,1
harrahscasino.com,17,0,1,1,0,1,0,3.2195282822995472,0,9249.0,1,0,0,1
24pokies2.com,13,3,1,1,0,0,0,3.3927474104487847,0,182.0,1,1,1,1
championzone.ph,15,0,1,1,0,0,0,3.373557262275185,0,0.0,0,0,1,1
bet365bby.com,13,3,1,1,0,1,0,3.334679141051595,0,603.0,1,1,0,0
megawagi.net,12,0,1,1,0,0,0,3.084962500721156,0,195.0,1,0,1,1
au1m.com,8,1,1,1,0,0,0,2.75,0,0.0,0,1,0,0
nustargame.com,14,0,1,1,0,0,0,3.521640636343318,0,563.0,1,0,1,1
spinju.com,10,0,1,1,0,0,0,3.321928094887362,0,2417.0,1,0,1,1
betbingo.com,12,0,1,1,0,1,0,3.2516291673878226,0,10857.0,1,0,1,1
phoeniciancasino.co.uk,22,0,2,2,0,1,0,3.413088436425757,0,5114.0,1,0,0,1
sportslive.ph,13,0,1,1,0,0,0,3.3927474104487847,0,0.0,0,0,0,0
spinsweet.com,13,0,1,1,0,0,0,3.3927474104487847,0,4303.0,1,0,1,1
35.222.159.130,14,11,3,3,0,0,1,2.6995138503199656,0,6354.0,1,1,0,1
poker-login-777.win,19,3,3,1,1,1,0,3.5766176449086657,0,0.0,0,1,0,0
galaparadise88.com,18,2,1,1,0,0,0,3.614369445886757,0,0.0,0,1,0,1
slotlar777.com,14,3,1,1,0,1,0,3.1820058147602133,0,0.0,0,1,0,0
megawagi.ph,11,0,1,1,0,0,0,3.095795255000934,0,0.0,0,0,1,1
igoegaming.ph,13,0,1,1,0,0,0,3.180832987205441,0,0.0,0,0,0,0
neonvegas.com,13,0,1,1,0,0,0,3.238901256602631,0,8818.0,1,0,0,1
play.ballybet.com,17,0,2,2,0,1,0,3.3371753411230767,0,2332.0,1,0,1,1
vegasland.com,13,0,1,1,0,0,0,3.546593564294939,0,9525.0,1,0,1,1
betvictor.com,13,0,1,1,0,1,0,3.238901256602631,0,8606.0,1,0,0,1
67bet.com,9,2,1,1,0,1,0,3.169925001442312,0,5315.0,1,1,1,1
enetpoker.com,13,0,1,1,0,0,0,3.180832987205441,0,5701.0,1,1,0,1
heyspin.com,11,0,1,1,0,0,0,3.4594316186372973,0,3354.0,1,0,0,1
shahrshahr11.com,16,2,1,1,0,0,0,3.0,0,0.0,0,1,0,0
bppoker.pro,11,0,1,1,0,0,0,2.6635327548042547,0,0.0,0,0,0,0
igo.ph,6,0,1,1,0,0,0,2.584962500721156,0,0.0,0,0,1,1
freshspins.com,14,0,1,1,0,0,0,3.4677201004745,0,3024.0,1,0,1,1
bingotime.ph,12,0,1,1,0,0,0,3.4182958340544896,0,0.0,0,0,1,1
vavadapsv.com,13,0,1,1,0,0,0,2.9689185639620974,0,0.0,0,1,0,0
whamoo.com,10,0,1,1,0,0,0,2.646439344671016,0,8307.0,1,0,1,1
old.747ph.live,14,3,2,2,0,0,0,3.378783493486176,0,0.0,0,0,1,1
goldennuggetcasino.com,22,0,1,1,0,1,0,3.629219686524097,0,9924.0,1,0,1,1
god55.asia,10,2,1,1,0,0,0,2.9219280948873623,0,2045.0,1,1,1,1
uwin957.cc,10,3,1,1,0,1,0,3.1219280948873624,0,287.0,1,1,0,0
pedalada10.com,14,2,1,1,0,0,0,3.3248629576173565,0,1377.0,1,0,0,1
bet88.vip,9,2,1,1,0,1,0,2.94770277922009,0,160.0,1,0,1,1
slotcrazy.com,13,0,1,1,0,1,0,3.3927474104487847,0,3894.0,1,0,0,1
24pokies6.com,13,3,1,1,0,0,0,3.546593564294939,0,0.0,0,1,0,0
casinomalta.com.mt,18,0,2,2,0,1,0,3.197159723424149,0,0.0,0,0,1,1
bc.game,7,0,1,1,0,0,0,2.807354922057604,0,2999.0,1,1,0,1
vegas.boylesports.com,21,0,2,2,0,0,0,3.748994803525096,0,9117.0,1,0,0,1
bingoplus.net,13,0,1,1,0,0,0,3.546593564294939,0,1613.0,1,0,1,1
win-secure-24.pro,17,2,3,1,1,1,0,3.7345216647797512,0,0.0,0,1,0,0
meccabingo.com,14,0,1,1,0,0,0,3.1820058147602133,0,9935.0,1,0,0,1
god55.tech,10,2,1,1,0,0,0,3.1219280948873624,0,885.0,1,1,1,1
1x-casino.net,13,1,2,1,1,1,0,3.546593564294939,0,59.0,1,1,1,1
pesomax.com,11,0,1,1,0,0,0,3.095795255000934,0,1588.0,1,0,0,1
god55.nexus,11,2,1,1,0,0,0,3.277613436819116,0,0.0,0,1,1,1
immediate-connect.co.uk,23,0,3,2,1,0,0,3.588354347173233,0,656.0,1,1,0,0
sbsnetplay.com,14,0,1,1,0,0,0,3.664497779200461,0,0.0,0,1,0,0
vulcan-bet.net,14,0,2,1,1,1,0,3.378783493486176,0,0.0,0,1,0,0
betvadi117.com,14,3,1,1,0,1,0,3.664497779200461,0,0.0,0,1,0,1
megafunalo.com,14,0,1,1,0,0,0,3.378783493486176,0,556.0,1,0,0,1
costabingo.com,14,0,1,1,0,0,0,3.3248629576173565,0,6501.0,1,0,1,1
gerbet.ope-11708.pro,20,5,3,2,1,1,0,3.584183719779189,0,0.0,0,1,0,0
slotheart.com,13,0,1,1,0,1,0,3.3927474104487847,0,629.0,1,0,1,1
w88kub.com,10,2,1,1,0,0,0,3.1219280948873624,0,4387.0,1,1,1,1
pokerstarsnj.com,16,0,1,1,0,0,0,3.625,0,4829.0,1,0,1,1
casino-friday.at,16,0,2,1,1,1,0,3.577819531114783,0,0.0,0,1,0,0
casinowin.bet,13,0,1,1,0,1,0,3.3927474104487847,0,0.0,0,1,1,1
tropicanacasino.com,19,0,1,1,0,1,0,3.286629486786196,0,10551.0,1,0,0,1
fastplay.ph,11,0,1,1,0,0,0,3.095795255000934,0,0.0,0,0,1,1
sportybetadder01.weebly.com,27,2,2,2,0,1,0,3.940072687348653,0,7319.0,1,1,0,0
hbetcorrect-192.weebly.com,26,3,3,2,1,1,0,3.825251737288651,0,7319.0,1,1,0,1
mfa9.com,8,1,1,1,0,0,0,2.75,0,0.0,0,1,0,0
tongitstok.com,14,0,1,1,0,0,0,3.1280852788913944,0,649.0,1,0,0,0
aztecwins.com,13,0,1,1,0,1,0,3.546593564294939,0,2584.0,1,0,1,1
tfcfootball.com,15,0,1,1,0,0,0,3.056564762130954,0,0.0,0,1,0,0
numerouno.ph,12,0,1,1,0,0,0,3.084962500721156,0,0.0,0,0,0,1
bet365.com,10,3,1,1,0,1,0,3.321928094887362,0,9747.0,1,0,0,1
betfree.io,10,0,1,1,0,1,0,2.8464393446710154,0,1058.0,1,0,1,1
kingclub.com,12,0,1,1,0,0,0,3.4182958340544896,0,9179.0,1,0,1,1
vegas-casino.online,19,0,2,1,1,1,0,3.471354487013929,1,1703.0,1,1,1,1
winner-bet.com,14,0,2,1,1,1,0,3.521640636343318,0,4134.0,1,1,0,1
spincity.ph,11,0,1,1,0,0,0,3.095795255000934,0,0.0,0,0,0,0
hollywoodbets.co.uk,19,0,2,2,0,1,0,3.616348566075164,0,3713.0,1,0,1,1
casino-azino777.com,19,3,2,1,1,1,0,3.326360407952694,0,1710.0,1,1,0,1
iijuta.com,10,0,1,1,0,0,0,3.1219280948873624,0,0.0,0,1,0,0
luckymatecasino.co.uk,21,0,2,2,0,1,0,3.6897037321995474,0,999.0,1,0,0,1
juanbingo.ph,12,0,1,1,0,0,0,3.4182958340544896,0,0.0,0,0,0,1
inplay.instaplay.ph,19,0,2,2,0,0,0,3.2210972500579573,0,0.0,0,0,0,1
divabingo.com,13,0,1,1,0,0,0,3.3927474104487847,0,5714.0,1,0,1,1
filbet.com,10,0,1,1,0,1,0,3.321928094887362,0,3098.0,1,0,1,1
747live.info,12,3,1,1,0,0,0,3.2516291673878226,0,0.0,0,1,0,1
bingoplus.ph,12,0,1,1,0,0,0,3.4182958340544896,0,0.0,0,0,1,1
okapp.chat,10,0,1,1,0,0,0,2.9219280948873623,0,0.0,0,0,1,1
neptuneplay.com,15,0,1,1,0,0,0,3.506890595608519,0,2443.0,1,0,1,1
beternuipouli.firebaseapp.com,29,0,2,2,0,1,0,3.840402546702505,0,0.0,0,1,0,0
superpanalo.ph,14,0,1,1,0,0,0,3.3248629576173565,0,0.0,0,0,1,1
thienlong99.com,15,2,1,1,0,0,0,3.506890595608519,0,0.0,0,1,0,0
ray40.com,9,2,1,1,0,0,0,3.169925001442312,0,2630.0,1,1,1,1
bet-verify-888.live,19,3,3,1,1,1,0,3.431623565847431,0,0.0,0,1,0,0
happyplay.ph,12,0,1,1,0,0,0,2.4182958340544896,0,0.0,0,0,0,1
ghostss.mgame.com,17,0,2,2,0,0,0,3.175123135113461,0,9650.0,1,0,0,1
sportybetadder-012.weebly.com,29,3,3,2,1,1,0,4.099360305472399,0,7319.0,1,1,0,0
iplwin.com,10,0,1,1,0,1,0,3.1219280948873624,0,2518.0,1,1,0,1
mga.games,9,0,1,1,0,0,0,2.5032583347756456,0,0.0,0,1,1,1
cyl88.online,12,2,1,1,0,0,0,3.084962500721156,1,0.0,0,1,0,1
vulcan-pllatinum.com,20,0,2,1,1,0,0,3.584183719779189,0,0.0,0,1,0,0
4crownscasino.com,17,1,1,1,0,1,0,3.29277019393699,0,505.0,1,1,1,1
slot-hunter.at,14,0,2,1,1,1,0,3.4677201004745,0,0.0,0,1,1,1
boylesports.com,15,0,1,1,0,0,0,3.456564762130954,0,9117.0,1,0,0,1
ekolbet,7,0,0,0,0,1,0,2.521640636343318,0,0.0,0,1,0,0
nagacash9b.online,17,1,1,1,0,0,0,3.528064311584049,1,0.0,0,1,0,0
pisogame.ph,11,0,1,1,0,0,0,3.277613436819116,0,0.0,0,0,0,1
s5games.ph,10,1,1,1,0,0,0,3.1219280948873624,0,0.0,0,0,1,1
spiffx.com,10,0,1,1,0,0,0,3.1219280948873624,0,5382.0,1,1,0,1
megawagi.vip,12,0,1,1,0,0,0,3.084962500721156,0,194.0,1,0,1,1
sportsplus.com.ph,17,0,2,2,0,0,0,3.29277019393699,0,0.0,0,0,1,1
joypang-0907.com,16,4,2,1,1,0,0,3.75,0,282.0,1,1,0,0
festival.sg8.casino,19,1,2,2,0,1,0,3.6818808028034025,0,0.0,0,0,0,1
extraspel.com,13,0,1,1,0,0,0,3.546593564294939,0,5602.0,1,0,0,0
betmaster.eu,12,0,1,1,0,1,0,3.0220552088742005,0,0.0,0,0,1,1
winz.ph,7,0,1,1,0,1,0,2.807354922057604,0,0.0,0,0,0,1
scorchingslots.com,18,0,1,1,0,1,0,3.377443751081734,0,3540.0,1,0,1,1
wowgames.ph,11,0,1,1,0,0,0,3.277613436819116,0,0.0,0,0,1,1
bstar.ph,8,0,1,1,0,0,0,3.0,0,0.0,0,0,0,1
wowgames.vip,12,0,1,1,0,0,0,3.4182958340544896,0,653.0,1,0,1,1
goldjapan-casino.com,20,0,2,1,1,1,0,3.646439344671016,0,1055.0,1,1,0,0
booming-games.com,17,0,2,1,1,0,0,3.4104172527605194,0,4191.0,1,0,0,1
20winpkr.com,12,2,1,1,0,1,0,3.584962500721156,0,951.0,1,1,0,1
70bet.com,9,2,1,1,0,1,0,3.169925001442312,0,4617.0,1,1,1,1
7stargaming.com,15,1,1,1,0,0,0,3.506890595608519,0,400.0,1,1,0,1
aiusbnalhgmigljranigqrvdtgqgbufwhjbet.blogspot.com,50,0,2,2,0,1,0,4.338171939471839,0,0.0,0,1,1,1
luckyclub.ph,12,0,1,1,0,0,0,3.084962500721156,0,0.0,0,0,1,1
vie.bet,7,0,1,1,0,1,0,2.521640636343318,0,0.0,0,0,1,1
cashed.com,10,0,1,1,0,0,0,3.1219280948873624,0,9620.0,1,1,0,1
mobilespin.com,14,0,1,1,0,0,0,3.378783493486176,0,7761.0,1,0,1,1
slot-bonus-365.buzz,19,3,3,1,1,1,0,3.616348566075165,0,0.0,0,1,0,0
bet-verify-365.live,19,3,3,1,1,1,0,3.6818808028034025,0,0.0,0,1,0,0
reblz.com,9,0,1,1,0,0,0,3.169925001442312,0,2005.0,1,0,1,1
slot-win-888.online,19,3,3,1,1,1,0,3.326360407952694,1,0.0,0,1,0,0
golden.nebula-ent.com,21,0,3,2,1,0,0,3.6537567082870015,0,9371.0,1,1,0,0
aplay.mt,8,0,1,1,0,0,0,2.75,0,0.0,0,0,0,1
jcasino.club,12,0,1,1,0,1,0,3.4182958340544896,1,0.0,0,1,0,0
lotusbook.io,12,0,1,1,0,0,0,2.9182958340544896,0,2587.0,1,1,1,1
happybingo.ph,13,0,1,1,0,0,0,3.180832987205441,0,0.0,0,0,1,1
blingwin.com,12,0,1,1,0,1,0,3.2516291673878226,0,6.0,1,0,0,1
luckypence.com,14,0,1,1,0,0,0,3.3248629576173565,0,2676.0,1,0,1,1
betgoodwin.co.uk,16,0,2,2,0,1,0,3.577819531114783,0,3791.0,1,0,0,1
bwin8998.com,12,4,1,1,0,1,0,3.2516291673878226,0,0.0,0,1,0,0
sprush.ph,9,0,1,1,0,0,0,2.5032583347756456,0,0.0,0,0,0,1
poker-secure-24.site,20,2,3,1,1,0,0,3.6219280948873616,1,0.0,0,1,0,0
nj.partypoker.com,17,0,2,2,0,0,0,3.616874605956222,0,9732.0,1,0,0,1
redrakegaming.com,17,0,1,1,0,0,0,3.4992275471326924,0,3862.0,1,0,0,1
betstars888.com,15,3,1,1,0,1,0,3.323231428797621,0,0.0,0,1,0,0
portybetadder1048.weebly.com,28,4,2,2,0,1,0,4.021640636343318,0,7319.0,1,1,1,1
olaspill.com,12,0,1,1,0,0,0,3.0220552088742005,0,3624.0,1,0,1,1
wowgames.net,12,0,1,1,0,0,0,3.2516291673878226,0,529.0,1,0,1,1
getlucky.com,12,0,1,1,0,0,0,3.4182958340544896,0,9547.0,1,0,1,1
casino.boylesports.com,22,0,2,2,0,1,0,3.697845823084412,0,9117.0,1,0,0,1
joy-casino24.cc,15,2,2,1,1,1,0,3.456564762130954,0,0.0,0,1,0,0
kingcasino.com,14,0,1,1,0,1,0,3.235926350629033,0,10062.0,1,0,1,1
fortuneworld.ph,15,0,1,1,0,0,0,3.640223928941852,0,0.0,0,0,0,0
fml1.com,8,1,1,1,0,0,0,2.75,0,586.0,1,1,0,0
betocean.com,12,0,1,1,0,1,0,3.084962500721156,0,3972.0,1,0,1,1
mgame.com,9,0,1,1,0,0,0,2.6416041678685938,0,9650.0,1,0,1,1
voodoodreams.com,16,0,1,1,0,0,0,3.024397470347699,0,5580.0,1,0,1,1
s5casino.ph,11,1,1,1,0,1,0,3.277613436819116,0,0.0,0,0,0,1
slotzo.com,10,0,1,1,0,1,0,2.8464393446710154,0,3018.0,1,0,0,1
casumo.com,10,0,1,1,0,0,0,2.721928094887362,0,5511.0,1,0,1,1
winzir.com,10,0,1,1,0,1,0,3.1219280948873624,0,1507.0,1,0,1,1
poker-secure-365.win,20,3,3,1,1,1,0,3.884183719779189,0,0.0,0,1,0,0
blingwin.link,13,0,1,1,0,1,0,2.815072410115944,0,0.0,0,0,0,1
m.hollywoodbets.co.uk,21,0,3,3,0,1,0,3.6897037321995474,0,3713.0,1,0,0,0
deskwin.com,11,0,1,1,0,1,0,3.4594316186372973,0,2123.0,1,0,1,1
aud1m.com,9,1,1,1,0,0,0,2.94770277922009,0,0.0,0,1,0,1
hawkgamingph.com,16,0,1,1,0,0,0,3.5,0,0.0,0,0,0,1
hippodromecasino.com,20,0,1,1,0,1,0,3.521928094887363,0,7781.0,1,0,1,1
heloboet138,11,3,0,0,0,0,0,3.095795255000934,0,0.0,0,1,0,0
666casino.com,13,3,1,1,0,1,0,3.026986833359288,0,4856.0,1,0,1,1
slotsanimal.com,15,0,1,1,0,1,0,3.240223928941852,0,3021.0,1,0,1,1
ladbrokes.com,13,0,1,1,0,0,0,3.546593564294939,0,10295.0,1,0,0,1
god55sg6.net,12,3,1,1,0,0,0,3.2516291673878226,0,885.0,1,1,1,1
prizewin.ph,11,0,1,1,0,1,0,3.095795255000934,0,0.0,0,0,1,1
caesarspalaceonline.com,23,0,1,1,0,0,0,3.4144413036949723,0,1471.0,1,0,0,1
butterflybingo.com,18,0,1,1,0,0,0,3.836591668108978,0,4852.0,1,0,1,1
slot-free-365.online,20,3,3,1,1,1,0,3.684183719779189,1,0.0,0,1,0,0
luckpot.ph,10,0,1,1,0,0,0,3.1219280948873624,0,0.0,0,0,0,1
cherrywins.com,14,0,1,1,0,1,0,3.521640636343318,0,3090.0,1,0,1,1
fortunepub.com,14,0,1,1,0,0,0,3.521640636343318,0,828.0,1,1,1,1
okadaonlinecasino.com,21,0,1,1,0,1,0,3.3680424225727155,0,1698.0,1,0,1,1
onelottery.co.uk,16,0,2,2,0,0,0,3.327819531114783,0,2413.0,1,0,0,1
slotsaces.net,13,0,1,1,0,1,0,3.026986833359288,0,898.0,1,1,0,1
dragonaracasino.com,19,0,1,1,0,1,0,3.260828171224456,0,6013.0,1,0,0,1
casiwinner.com,14,0,1,1,0,1,0,3.378783493486176,0,444.0,1,1,1,1
amusnet.hr,10,0,1,1,0,0,0,3.321928094887362,0,1509.0,1,0,1,1
blogjb3919.com,14,4,1,1,0,0,0,3.378783493486176,0,1387.0,1,1,0,1
hacksawgaming.com,17,0,1,1,0,0,0,3.4548223999466057,0,3062.0,1,0,0,1
royale-casino.net,17,0,2,1,1,1,0,3.616874605956222,0,775.0,1,1,1,1
hippodromeonline.com,20,0,1,1,0,0,0,3.4219280948873627,0,5967.0,1,0,0,1
24pokies5.com,13,3,1,1,0,0,0,3.546593564294939,0,0.0,0,1,0,0
juanace.ph,10,0,1,1,0,0,0,3.1219280948873624,0,0.0,0,0,1,1
casinoper790.com,16,3,1,1,0,1,0,3.75,0,0.0,0,1,0,1
kaisarpteir.net,15,0,1,1,0,0,0,3.240223928941852,0,0.0,0,1,0,0
pokerstars.uk,13,0,1,1,0,0,0,3.238901256602631,0,4322.0,1,0,0,1
fairbahis10.com,15,2,1,1,0,0,0,3.640223928941852,0,0.0,0,1,0,0
luckyfuel.com,13,0,1,1,0,0,0,3.238901256602631,0,2222.0,1,0,1,1
numerouno.com.ph,16,0,2,2,0,0,0,3.202819531114783,0,0.0,0,0,0,1
bygame.com,10,0,1,1,0,0,0,3.1219280948873624,0,9108.0,1,0,1,1
1x-bet.co,9,1,2,1,1,1,0,3.169925001442312,0,275.0,1,1,0,0
winzir.ph,9,0,1,1,0,1,0,2.94770277922009,0,0.0,0,0,1,1
giantspins.com,14,0,1,1,0,0,0,3.378783493486176,0,2825.0,1,0,1,1
poker-free-24.win,17,2,3,1,1,1,0,3.572469458770135,0,0.0,0,1,0,0
bwin.com,8,0,1,1,0,1,0,3.0,0,8409.0,1,0,0,1
playsg8.com,11,1,1,1,0,0,0,3.4594316186372973,0,274.0,1,0,1,1
caletagaming.com,16,0,1,1,0,0,0,3.327819531114783,0,4684.0,1,0,1,1
smarkets.com,12,0,1,1,0,0,0,3.2516291673878226,0,7510.0,1,0,0,1
filplay.com,11,0,1,1,0,0,0,3.277613436819116,0,1578.0,1,0,1,1
hawkgaming.ph,13,0,1,1,0,0,0,3.238901256602631,0,0.0,0,0,0,0
xlbet.com,9,0,1,1,0,1,0,3.169925001442312,0,7810.0,1,0,0,1
amusnet.it,10,0,1,1,0,0,0,3.1219280948873624,0,1506.0,1,0,1,1
bnrurabetegt.biz.site,21,0,2,2,0,1,0,3.4273334938982645,1,1996.0,1,1,0,0
betovis.com,11,0,1,1,0,1,0,3.277613436819116,0,2010.0,1,1,0,1
blingwin.net,12,0,1,1,0,1,0,3.0220552088742005,0,0.0,0,0,0,1
gamxsports.com.ph,17,0,2,2,0,0,0,3.4992275471326924,0,0.0,0,0,0,1
m.betboro.co.uk,15,0,3,3,0,1,0,3.139572261986723,0,3806.0,1,0,1,1
cockfightbet.cc,15,0,1,1,0,1,0,3.240223928941852,0,1910.0,1,1,0,1
coral.co.uk,11,0,2,2,0,0,0,2.913977073182752,0,10846.0,1,0,0,1
option888.com,13,3,1,1,0,0,0,2.9689185639620974,0,4378.0,1,1,1,1
bybet.co,8,0,1,1,0,1,0,2.75,0,566.0,1,0,1,1
solaireonline.com,17,0,1,1,0,0,0,3.3371753411230767,0,3389.0,1,0,1,1
win-free-777.vip,16,3,3,1,1,1,0,3.327819531114783,0,0.0,0,1,0,0
okbet.game,10,0,1,1,0,1,0,3.1219280948873624,0,1512.0,1,0,1,1
malta-casino.com,16,0,2,1,1,1,0,3.327819531114783,0,1880.0,1,1,1,1
luckytayasports.com,19,0,1,1,0,0,0,3.616348566075165,0,276.0,1,0,1,1
kaguraslot777.com,17,3,1,1,0,1,0,3.572469458770135,0,0.0,0,1,0,1
12wincasino.net,15,2,1,1,0,1,0,3.456564762130954,0,4092.0,1,1,1,1
poker-account-777.site,22,3,3,1,1,1,0,3.788754913993503,1,0.0,0,1,0,0
s5live.ph,9,1,1,1,0,0,0,3.169925001442312,0,0.0,0,0,0,1
mix4bet.ie,10,1,1,1,0,1,0,2.9219280948873623,0,872.0,1,0,1,1
paddypower.com,14,0,1,1,0,0,0,3.378783493486176,0,10127.0,1,0,0,1
hunkybingo.com,14,0,1,1,0,0,0,3.521640636343318,0,4222.0,1,0,1,1
poker-login-888.win,19,3,3,1,1,1,0,3.5766176449086657,0,0.0,0,1,0,0
747ph.live,10,3,1,1,0,0,0,3.1219280948873624,0,0.0,0,0,1,1
inplay.88play.ph,16,2,2,2,0,0,0,3.077819531114783,0,0.0,0,0,0,0
v8.com,6,1,1,1,0,0,0,2.584962500721156,0,10182.0,1,1,1,1
mobile.betboro.com,18,0,2,2,0,1,0,3.127986806877676,0,4603.0,1,0,1,1
kingvip.ph,10,0,1,1,0,0,0,2.9219280948873623,0,0.0,0,0,0,1
olympusplay.com,15,0,1,1,0,0,0,3.240223928941852,0,1798.0,1,1,1,1
god55sg3.org,12,3,1,1,0,0,0,2.8553885422075336,0,1368.0,1,1,1,1
efc88.me,8,2,1,1,0,0,0,2.5,0,1157.0,1,1,0,1
b-bets.com,10,0,2,1,1,1,0,3.1219280948873624,0,4381.0,1,0,0,1
alfobet.com,11,0,1,1,0,1,0,3.277613436819116,0,465.0,1,0,1,1
lotus303.casino,15,3,1,1,0,1,0,3.506890595608519,0,0.0,0,1,0,1
grandmondial.co.uk,18,0,2,2,0,0,0,3.614369445886757,0,6873.0,1,0,1,1
nitrocasino.com,15,0,1,1,0,1,0,3.1898980954642875,0,4218.0,1,0,0,1
fcb500.com,10,3,1,1,0,0,0,2.9219280948873623,0,0.0,0,1,0,0
betuk.com,9,0,1,1,0,1,0,3.169925001442312,0,9368.0,1,0,1,1
loginyaris.store,16,0,1,1,0,0,0,3.5,0,0.0,0,1,0,1
god55th3.com,12,3,1,1,0,0,0,3.2516291673878226,0,885.0,1,1,1,1
phoeniciancasino.eu,19,0,1,1,0,1,0,3.326360407952694,0,0.0,0,0,1,1
casino-jackpot-365.top,22,3,3,1,1,1,0,3.788754913993503,1,0.0,0,1,0,0
playtime.com.ph,15,0,2,2,0,0,0,3.506890595608519,0,0.0,0,0,1,1
ww88xx.vip,10,2,1,1,0,0,0,2.721928094887362,0,233.0,1,1,1,1
partypoker.com,14,0,1,1,0,0,0,3.378783493486176,0,9732.0,1,0,0,1
w88.com,7,2,1,1,0,0,0,2.521640636343318,0,8411.0,1,1,0,1
casinojefe.com,14,0,1,1,0,1,0,3.378783493486176,0,4147.0,1,0,1,1
4crownscasino1.com,18,2,1,1,0,1,0,3.4193819456463714,0,0.0,0,1,1,1
maisquebet.com,14,0,1,1,0,1,0,3.521640636343318,0,0.0,0,1,0,0
cfg4.com,8,1,1,1,0,0,0,2.75,0,1824.0,1,1,0,1
panaloplay777.com,17,3,1,1,0,1,0,3.175123135113461,0,509.0,1,0,0,0
gullybet.com,12,0,1,1,0,1,0,3.4182958340544896,0,1810.0,1,1,0,1
bet-jackpot-888.xyz,19,3,3,1,1,1,0,3.787143960698139,1,0.0,0,1,0,0
alivate.app,11,0,1,1,0,0,0,2.8453509366224368,0,0.0,0,0,1,1
casino-secure-777.click,23,3,3,1,1,1,0,3.621175542919471,0,0.0,0,1,0,0
verajohncasino.com,18,0,1,1,0,1,0,3.5724312513221195,0,5668.0,1,0,0,1
sportybet-winningodd.weebly.com,31,0,3,2,1,1,0,4.042433003725894,0,7319.0,1,1,0,0
bahisnow,8,0,0,0,0,0,0,3.0,0,0.0,0,1,0,0
ptgaming.ph,11,0,1,1,0,0,0,3.095795255000934,0,0.0,0,0,1,1
365winner.asia,14,3,1,1,0,1,0,3.378783493486176,0,1058.0,1,1,0,1
jbgame-99.com,13,2,2,1,1,0,0,3.3927474104487847,0,849.0,1,1,1,1
god55singapore.net,18,2,1,1,0,0,0,3.614369445886757,0,171.0,1,1,1,1
happybingo.games,16,0,1,1,0,0,0,3.625,0,0.0,0,0,1,1
affiliates.winzir.com,21,0,2,2,0,1,0,3.7256507561120937,0,1507.0,1,0,1,1
casino-arcade.com,17,0,2,1,1,1,0,3.4104172527605194,0,254.0,1,1,1,1
justspin.com,12,0,1,1,0,0,0,3.4182958340544896,0,5572.0,1,0,0,1
pin77.net,9,2,1,1,0,0,0,2.725480556997868,0,364.0,1,0,0,1
betmaster.co.uk,15,0,2,2,0,1,0,3.506890595608519,0,1344.0,1,0,1,1
black-white-casino.com,22,0,3,1,1,1,0,3.8796640049025934,0,0.0,0,1,0,0
123sports.ph,12,3,1,1,0,0,0,3.2516291673878226,0,0.0,0,0,1,1
dogobet,7,0,0,0,0,1,0,2.521640636343318,0,0.0,0,1,0,0
juan365.win,11,3,1,1,0,1,0,3.277613436819116,0,404.0,1,0,1,1
horseshoeonlinecasino.com,25,0,1,1,0,1,0,3.368884070537636,0,824.0,1,0,1,1
betso88.ph,10,2,1,1,0,1,0,3.1219280948873624,0,0.0,0,1,0,1
luckydino.com,13,0,1,1,0,0,0,3.3927474104487847,0,4555.0,1,0,0,1
thelotterlab.com,16,0,1,1,0,0,0,3.327819531114783,0,934.0,1,1,1,1
betsound39.com,14,2,1,1,0,1,0,3.664497779200461,0,0.0,0,1,0,1
bet-secure-888.live,19,3,3,1,1,1,0,3.471354487013929,0,0.0,0,1,0,0
login.747ph.live,16,3,2,2,0,0,0,3.5,0,0.0,0,0,1,1
wowgames.com,12,0,1,1,0,0,0,3.084962500721156,0,9447.0,1,0,1,1
redcross.org.uk,15,0,2,2,0,0,0,3.1898980954642875,0,10846.0,1,0,1,1
filgame.com,11,0,1,1,0,0,0,3.277613436819116,0,1829.0,1,0,1,1
wsop.com,8,0,1,1,0,0,0,2.75,0,8375.0,1,0,0,1
1xlite-4357202.top,18,8,2,1,1,0,0,3.94770277922009,1,55.0,1,1,1,1
bingo.boylesports.com,21,0,2,2,0,0,0,3.7256507561120937,0,9117.0,1,0,0,1
sportybetadder-90.weebly.com,28,2,3,2,1,1,0,4.021640636343318,0,7319.0,1,1,1,1
indoniche.com,13,0,1,1,0,0,0,3.0850551027564768,0,0.0,0,1,0,0
bybet.com,9,0,1,1,0,1,0,2.94770277922009,0,4616.0,1,0,1,1
replay-casino.net,17,0,2,1,1,1,0,3.7345216647797512,0,0.0,0,1,0,0
megapremyo.ph,13,0,1,1,0,0,0,3.238901256602631,0,0.0,0,0,0,0
betxbahis.com,13,0,1,1,0,1,0,3.546593564294939,0,282.0,1,1,0,0
happybingo.fun,14,0,1,1,0,0,0,3.521640636343318,0,421.0,1,0,0,1
bingoal.com,11,0,1,1,0,0,0,3.277613436819116,0,9080.0,1,0,0,1
juankada.ph,11,0,1,1,0,0,0,3.0271691184406184,0,0.0,0,0,1,1
buenas.asia,11,0,1,1,0,0,0,2.8453509366224368,0,825.0,1,0,1,1
king.ph,7,0,1,1,0,0,0,2.807354922057604,0,0.0,0,0,0,1
casinoburada250.com,19,3,1,1,0,1,0,3.787143960698139,0,0.0,0,1,0,0
1x-bet.in,9,1,2,1,1,1,0,3.169925001442312,0,1214.0,1,1,1,1
eastbridge-sb.com,17,0,2,1,1,0,0,3.7345216647797512,0,4184.0,1,1,0,1
help.winzir.com,15,0,2,2,0,1,0,3.640223928941852,0,1507.0,1,0,1,1
betwien.com,11,0,1,1,0,1,0,3.277613436819116,0,110.0,1,1,0,0
adaxbet246.com,14,3,1,1,0,1,0,3.664497779200461,0,0.0,0,1,0,0
betowen.com,11,0,1,1,0,1,0,3.095795255000934,0,3104.0,1,1,0,0
api.blingwin.com,16,0,2,2,0,1,0,3.452819531114783,0,6.0,1,0,0,1
god55.media,11,2,1,1,0,0,0,3.095795255000934,0,0.0,0,1,1,1
bigwin29.com,12,2,1,1,0,1,0,3.4182958340544896,0,1206.0,1,0,0,0
ebet.agency,11,0,1,1,0,1,0,3.0271691184406184,0,0.0,0,1,0,0
luckygame.ph,12,0,1,1,0,0,0,3.584962500721156,0,0.0,0,0,0,1
megawagi.com,12,0,1,1,0,0,0,3.084962500721156,0,195.0,1,0,1,1
mfe.bigbunny.ph,15,0,2,2,0,0,0,3.506890595608519,0,0.0,0,0,0,0
raybet03.com,12,2,1,1,0,1,0,3.584962500721156,0,2931.0,1,1,1,1
buenas.cc,9,0,1,1,0,0,0,2.94770277922009,0,825.0,1,0,1,1
66cc6.com,9,3,1,1,0,0,0,2.113283334294875,0,1721.0,1,1,0,1
lakiplay.com,12,0,1,1,0,0,0,3.2516291673878226,0,749.0,1,0,0,0
comebetvn4.com,14,1,1,1,0,1,0,3.235926350629033,0,0.0,0,1,0,0
quickspinner.com,16,0,1,1,0,0,0,3.625,0,2307.0,1,0,0,1
big5casino.com,14,1,1,1,0,1,0,3.378783493486176,0,5504.0,1,0,0,1
luckybull.com,13,0,1,1,0,0,0,3.026986833359288,0,3941.0,1,0,0,1
avvabet,7,0,0,0,0,1,0,2.235926350629033,0,0.0,0,1,0,0
greendrg88.com,14,2,1,1,0,0,0,3.235926350629033,0,0.0,0,1,0,0
casinoviva279.com,17,3,1,1,0,1,0,3.4992275471326924,0,0.0,0,1,0,0
casino-account-888.click,24,3,3,1,1,1,0,3.486440501696144,0,0.0,0,1,0,0
bizzo.world,11,0,1,1,0,0,0,3.095795255000934,0,0.0,0,1,0,1
vulkanind.site,14,0,1,1,0,0,0,3.521640636343318,1,171.0,1,1,1,1
comeon.com,10,0,1,1,0,0,0,2.4464393446710155,0,10494.0,1,0,1,1
pisogame.com,12,0,1,1,0,0,0,3.2516291673878226,0,849.0,1,0,1,1
cricketbetbd.com,16,0,1,1,0,1,0,3.327819531114783,0,361.0,1,1,1,1
playfrank.com,13,0,1,1,0,0,0,3.546593564294939,0,4625.0,1,0,1,1
kachingo.com,12,0,1,1,0,0,0,3.2516291673878226,0,7667.0,1,0,1,1
apintoto.com,12,0,1,1,0,0,0,3.0220552088742005,0,340.0,1,1,0,1
pesomaxfun.com,14,0,1,1,0,0,0,3.521640636343318,0,223.0,1,0,1,1
arcticcasino.com,16,0,1,1,0,1,0,3.125,0,5089.0,1,0,1,1
jk88,4,2,0,0,0,0,0,1.5,0,0.0,0,1,0,0
j8958.com,9,4,1,1,0,0,0,2.94770277922009,0,36.0,1,1,1,1
ww88web.vip,11,2,1,1,0,0,0,2.8453509366224368,0,0.0,0,1,0,0
grosvenorcasinos.com,20,0,1,1,0,1,0,3.3841837197791893,0,8543.0,1,0,0,1
god55.cash,10,2,1,1,0,0,0,3.1219280948873624,0,0.0,0,1,1,1
8558win.com,11,4,1,1,0,1,0,3.095795255000934,0,0.0,0,1,0,0
win7979.com,11,4,1,1,0,1,0,3.095795255000934,0,842.0,1,1,1,1
greatbet.co.uk,14,0,2,2,0,1,0,3.378783493486176,0,3474.0,1,0,1,1
starsports.bet,14,0,1,1,0,1,0,2.985228136034252,0,0.0,0,0,1,1
ilotbet-0012.weebly.com,23,4,3,2,1,1,0,3.795088586397732,0,7319.0,1,1,1,1
desklucky.com,13,0,1,1,0,0,0,3.3927474104487847,0,533.0,1,0,1,1
rayvietnam.net,14,0,1,1,0,0,0,3.235926350629033,0,1463.0,1,1,1,1
1k8bet,6,2,0,0,0,1,0,2.584962500721156,0,0.0,0,1,0,0
egibet103.com,13,3,1,1,0,1,0,3.546593564294939,0,0.0,0,1,0,0
msspins.com,11,0,1,1,0,0,0,2.8453509366224368,0,970.0,1,0,1,1
dingcasino.com,14,0,1,1,0,1,0,3.235926350629033,0,907.0,1,0,1,1
legendlink.com,14,0,1,1,0,0,0,3.378783493486176,0,6983.0,1,0,1,1
juanpanalo.ph,13,0,1,1,0,0,0,3.026986833359288,0,0.0,0,0,1,1
kingspin.uk,11,0,1,1,0,0,0,2.913977073182752,0,653.0,1,0,1,1
jackpotcitycasino.co.uk,23,0,2,2,0,1,0,3.5342190211803404,0,1198.0,1,0,1,1
ggpoker.ph,10,0,1,1,0,0,0,2.9219280948873623,0,0.0,0,0,1,1
gamezone88.com,14,2,1,1,0,0,0,3.235926350629033,0,1907.0,1,0,1,1
blingwin.co,11,0,1,1,0,1,0,3.095795255000934,0,0.0,0,0,0,1
casino.fanatics.com,19,0,2,2,0,1,0,3.2210972500579573,0,10063.0,1,0,1,1
bppoker.com,11,0,1,1,0,0,0,3.095795255000934,0,5295.0,1,0,1,1
ultracasino.com,15,0,1,1,0,1,0,3.506890595608519,0,7320.0,1,0,0,1
luckyi.com,10,0,1,1,0,0,0,3.1219280948873624,0,8137.0,1,0,1,1
huhubet665.com,14,3,1,1,0,1,0,3.378783493486176,0,0.0,0,1,0,0
liveroulette.com,16,0,1,1,0,0,0,3.327819531114783,0,10149.0,1,0,1,1
bilyoncu127.com,15,3,1,1,0,0,0,3.640223928941852,0,0.0,0,1,0,1
casino.draftkings.com,21,0,2,2,0,1,0,3.725650756112093,0,5508.0,1,0,1,1
king.com.ph,11,0,2,2,0,0,0,3.277613436819116,0,0.0,0,0,0,1
most-bet.top,12,0,2,1,1,1,0,3.0220552088742005,1,94.0,1,1,1,1
galabingo.com,13,0,1,1,0,0,0,3.238901256602631,0,9860.0,1,0,0,1
nitrowin.com,12,0,1,1,0,1,0,3.084962500721156,0,3505.0,1,0,1,1
juanzone.ph,11,0,1,1,0,0,0,3.277613436819116,0,0.0,0,0,1,1
kordonbet.com,13,0,1,1,0,1,0,3.334679141051595,0,2087.0,1,1,0,1
koalaspins.com,14,0,1,1,0,0,0,3.378783493486176,0,974.0,1,1,0,1
sportybetcompanyonlinelink.weebly.com,37,0,2,2,0,1,0,3.925405392539033,0,7319.0,1,1,0,0
regentplay.com,14,0,1,1,0,0,0,3.664497779200461,0,2014.0,1,0,1,1
bzeebet.com,11,0,1,1,0,1,0,2.8453509366224368,0,1416.0,1,0,0,1
vauhdikas.com,13,0,1,1,0,0,0,3.546593564294939,0,912.0,1,0,1,1
eurobahis.com,13,0,1,1,0,0,0,3.546593564294939,0,1538.0,1,1,0,1
kzingdemo.com,13,0,1,1,0,0,0,3.3927474104487847,0,2600.0,1,1,1,1
ggbbbet.net,11,0,1,1,0,1,0,2.481714572986073,0,1663.0,1,1,0,1
nj.bet365.com,13,3,2,2,0,1,0,3.546593564294939,0,9747.0,1,0,0,1
winzir.net,10,0,1,1,0,1,0,2.9219280948873623,0,1507.0,1,0,1,1
24casino1.bet,13,3,1,1,0,1,0,3.7004397181410926,0,0.0,0,1,1,1
luckystarph.com,15,0,1,1,0,0,0,3.773557262275186,0,276.0,1,0,0,1
arcticbet.com,13,0,1,1,0,1,0,3.180832987205441,0,1027.0,1,0,1,1
atm228.com,10,3,1,1,0,0,0,2.9219280948873623,0,1782.0,1,1,0,1
casipol957.com,14,3,1,1,0,0,0,3.521640636343318,0,0.0,0,1,0,0
specialty.mgame.ph,18,0,2,2,0,0,0,3.614369445886757,0,0.0,0,0,0,1
kwiff.com,9,0,1,1,0,0,0,2.94770277922009,0,4306.0,1,0,1,1
pokerstarscasino.uk,19,0,1,1,0,1,0,3.5766176449086657,0,4220.0,1,0,1,1
betnef369.com,13,3,1,1,0,1,0,3.546593564294939,0,0.0,0,1,0,1
healthlottery.co.uk,19,0,2,2,0,0,0,3.471354487013929,0,6891.0,1,0,1,1
sportybet-nigeria-bookings.weebly.com,37,0,4,2,1,1,0,4.087567554701195,0,7319.0,1,1,0,0
bet88.stream,12,2,1,1,0,1,0,3.084962500721156,0,1053.0,1,0,1,1
filgame.ph,10,0,1,1,0,0,0,3.321928094887362,0,0.0,0,0,1,1
sugarino.com,12,0,1,1,0,0,0,3.4182958340544896,0,4370.0,1,0,1,1
luckypantsbingo.com,19,0,1,1,0,0,0,3.932138039759375,0,5044.0,1,0,0,1
omnislots.com,13,0,1,1,0,1,0,3.026986833359288,0,4159.0,1,0,0,1
alpha66,7,2,0,0,0,0,0,2.235926350629033,0,0.0,0,1,0,0
wheeloffortunecasino.com,24,0,1,1,0,1,0,3.8035088547976783,0,3176.0,1,0,0,1
efc88.club,10,2,1,1,0,0,0,2.9219280948873623,1,1157.0,1,1,0,1
blgcoin88.com,13,2,1,1,0,0,0,3.238901256602631,0,0.0,0,1,0,1
joker777.net,12,3,1,1,0,1,0,3.0220552088742005,0,2557.0,1,1,1,1
crown01.org,11,2,1,1,0,0,0,3.095795255000934,0,1009.0,1,1,0,1
bingoplus.com,13,0,1,1,0,0,0,3.546593564294939,0,8407.0,1,0,1,1
nj.betrivers.com,16,0,2,2,0,1,0,3.625,0,2879.0,1,0,1,1
hashlucky.io,12,0,1,1,0,0,0,3.4182958340544896,0,900.0,1,1,0,1
magicred.com,12,0,1,1,0,0,0,3.2516291673878226,0,7606.0,1,0,1,1
pirateslots.com,15,0,1,1,0,1,0,3.506890595608519,0,3513.0,1,0,1,1
doctorjudi.com,14,0,1,1,0,0,0,3.1820058147602133,0,1512.0,1,1,0,1
peryaplay.ph,12,0,1,1,0,0,0,2.8553885422075336,0,0.0,0,0,1,1
kittybingo.com,14,0,1,1,0,0,0,3.378783493486176,0,6886.0,1,0,0,1
hannliveonline.com,18,0,1,1,0,0,0,3.281036112553424,0,772.0,1,0,0,1
sg8.bet,7,1,1,1,0,1,0,2.807354922057604,0,0.0,0,0,1,1
hawkgaming.com,14,0,1,1,0,0,0,3.378783493486176,0,4452.0,1,0,0,0
hipercasino889.com,18,3,1,1,0,1,0,3.725480556997868,0,0.0,0,1,0,1
kaiyun.io,9,0,1,1,0,0,0,2.94770277922009,0,1329.0,1,1,0,1
elbet.com,9,0,1,1,0,1,0,2.94770277922009,0,7820.0,1,0,1,1
winkbingo.com,13,0,1,1,0,1,0,3.238901256602631,0,6857.0,1,0,0,1
ak-vn.com,9,0,2,1,1,0,0,3.169925001442312,0,0.0,0,1,1,1
spinjam.com,11,0,1,1,0,0,0,3.277613436819116,0,8362.0,1,0,1,1
spinrio.com,11,0,1,1,0,0,0,3.095795255000934,0,2099.0,1,0,1,1
footballbet.weebly.com,22,0,2,2,0,1,0,3.413088436425757,0,7319.0,1,1,1,1
queenvegas.com,14,0,1,1,0,0,0,3.4677201004745,0,7391.0,1,0,0,1
betfred.com,11,0,1,1,0,1,0,3.277613436819116,0,8451.0,1,0,0,1
betonego.com,12,0,1,1,0,1,0,3.0220552088742005,0,937.0,1,1,0,1
s5.com,6,1,1,1,0,0,0,2.584962500721156,0,10721.0,1,0,0,1
jackpotvulcan.com,17,0,1,1,0,1,0,3.572469458770135,0,1256.0,1,1,1,1
fairplay.ph,11,0,1,1,0,0,0,3.095795255000934,0,0.0,0,0,1,1
bet-login-777.xyz,17,3,3,1,1,1,0,3.690116517593665,1,0.0,0,1,0,0
buffalo39a.com,14,2,1,1,0,0,0,3.378783493486176,0,0.0,0,1,0,1
playojo.co.uk,13,0,2,2,0,0,0,3.180832987205441,0,3696.0,1,0,1,1
casino.netbet.co.uk,19,0,3,3,0,1,0,3.471354487013929,0,7283.0,1,0,0,1
plazaroyal.com,14,0,1,1,0,0,0,3.1820058147602133,0,9943.0,1,0,1,1
raisebet24.com,14,2,1,1,0,1,0,3.664497779200461,0,1724.0,1,1,0,0
ilotbetzipeg1li1itch.weebly.com,31,2,2,2,0,1,0,3.808719697344071,0,7319.0,1,1,0,0
okfun.ph,8,0,1,1,0,0,0,3.0,0,0.0,0,0,1,1
betmod90.com,12,2,1,1,0,1,0,3.2516291673878226,0,0.0,0,1,0,0
j8962.com,9,4,1,1,0,0,0,3.169925001442312,0,36.0,1,1,1,1
patokbet.com,12,0,1,1,0,1,0,3.2516291673878226,0,1052.0,1,0,1,1
playpal77.ph,12,2,1,1,0,0,0,2.688721875540867,0,0.0,0,0,1,1
fbmplay.ph,10,0,1,1,0,0,0,3.1219280948873624,0,0.0,0,0,1,1
afgames.com,11,0,1,1,0,0,0,3.095795255000934,0,4874.0,1,1,0,1
joy-casino.in,13,0,2,1,1,1,0,3.238901256602631,0,0.0,0,1,0,0
slotvocalnocasheu.vip,21,0,1,1,0,1,0,3.6897037321995474,0,109.0,1,1,0,1
adaxbet,7,0,0,0,0,1,0,2.521640636343318,0,0.0,0,1,0,0
casinoeye.com,13,0,1,1,0,1,0,3.238901256602631,0,8086.0,1,0,1,1
okgames.net,11,0,1,1,0,0,0,3.277613436819116,0,7722.0,1,0,1,1
bet365vnn.com,13,3,1,1,0,1,0,3.546593564294939,0,496.0,1,1,1,1
slotsroyale.co.uk,17,0,2,2,0,1,0,3.4548223999466057,0,2365.0,1,0,1,1
bigwin668.com,13,3,1,1,0,1,0,3.3927474104487847,0,2061.0,1,1,0,0
spinomenal.io,13,0,1,1,0,0,0,3.238901256602631,0,2247.0,1,0,0,1
1-bdmbet.com,12,1,2,1,1,1,0,3.2516291673878226,0,659.0,1,1,0,0
755bet.com,10,3,1,1,0,1,0,3.1219280948873624,0,3227.0,1,1,1,1
bingoplus.online,16,0,1,1,0,0,0,3.327819531114783,1,1613.0,1,0,1,1
light-pay.com,13,0,2,1,1,0,0,3.7004397181410926,0,1136.0,1,1,1,1
lottoland.co.uk,15,0,2,2,0,0,0,3.1898980954642875,0,4827.0,1,0,1,1
sportsbet.mgame.ph,18,0,2,2,0,1,0,3.5032583347756456,0,0.0,0,0,1,1
casino-free-777.click,21,3,3,1,1,1,0,3.6537567082870015,0,0.0,0,1,0,0
bigwin99.net,12,2,1,1,0,1,0,3.084962500721156,0,0.0,0,1,0,1
megascratch.com,15,0,1,1,0,0,0,3.323231428797621,0,8612.0,1,0,1,1
skyvegas.com,12,0,1,1,0,0,0,3.4182958340544896,0,9175.0,1,0,1,1
888.co.uk,9,3,2,2,0,0,0,2.4193819456463714,0,10433.0,1,0,1,1
spinara.com,11,0,1,1,0,0,0,3.277613436819116,0,1105.0,1,0,1,1
kingbet86.com,13,2,1,1,0,1,0,3.7004397181410926,0,71.0,1,1,0,1
viplucky.com,12,0,1,1,0,0,0,3.4182958340544896,0,2924.0,1,0,1,1
app-domain.pin77.com,20,2,3,2,1,0,0,3.3841837197791893,0,2135.0,1,0,0,0
pin77.asia,10,2,1,1,0,0,0,2.721928094887362,0,0.0,0,0,0,1
bahistream.org,14,0,1,1,0,0,0,3.521640636343318,0,0.0,0,1,0,0
jackpotcity.co.uk,17,0,2,2,0,1,0,3.3371753411230767,0,8718.0,1,0,1,1
casinosieger.com,16,0,1,1,0,1,0,3.375,0,5385.0,1,0,0,1
grandfinityplay,15,0,0,0,0,0,0,3.373557262275185,0,0.0,0,1,0,0
win1212.com,11,4,1,1,0,1,0,3.095795255000934,0,13.0,1,1,0,0
epicgame.ph,11,0,1,1,0,0,0,3.095795255000934,0,0.0,0,0,0,1
bwin98.com,10,2,1,1,0,1,0,3.321928094887362,0,3227.0,1,1,0,1
1x-play.com,11,1,2,1,1,0,0,3.4594316186372973,0,247.0,1,1,1,1
halfagoal.com,13,0,1,1,0,0,0,3.026986833359288,0,4163.0,1,1,0,1
fb88cool.com,12,2,1,1,0,0,0,2.8553885422075336,0,2004.0,1,1,0,1
jackpotcombo.com,16,0,1,1,0,1,0,3.077819531114783,0,528.0,1,0,1,1
gtaya.com,9,0,1,1,0,0,0,2.94770277922009,0,309.0,1,0,1,1
royalvalleycasino.com,21,0,1,1,0,1,0,3.52257158913636,0,2070.0,1,0,1,1
blingwin.me,11,0,1,1,0,1,0,3.095795255000934,0,491.0,1,0,0,1
slotnite.com,12,0,1,1,0,1,0,3.2516291673878226,0,2792.0,1,0,1,1
902bahisnow.com,15,3,1,1,0,0,0,3.773557262275186,0,0.0,0,1,0,0
www.pin77.com,13,2,2,2,0,0,0,3.026986833359288,0,2135.0,1,0,0,1
bwin6996.com,12,4,1,1,0,1,0,3.2516291673878226,0,0.0,0,1,0,0
j8992.com,9,4,1,1,0,0,0,2.94770277922009,0,20.0,1,1,0,1
amusnet.es,10,0,1,1,0,0,0,2.9219280948873623,0,0.0,0,0,1,1
slot-bonus-777.buzz,19,3,3,1,1,1,0,3.3660913291191923,0,0.0,0,1,0,0
pickmeupbingo.com,17,0,1,1,0,0,0,3.4992275471326924,0,7492.0,1,0,1,1
lakilucky.com,13,0,1,1,0,0,0,3.238901256602631,0,774.0,1,0,1,1
460.com,7,3,1,1,0,0,0,2.807354922057604,0,10201.0,1,1,1,1
hipspin.com,11,0,1,1,0,0,0,3.095795255000934,0,3046.0,1,0,1,1
cfg600.com,10,3,1,1,0,0,0,2.9219280948873623,0,0.0,0,1,0,0
inplay.powerplay.ph,19,0,2,2,0,0,0,3.4058222502856905,0,0.0,0,0,1,1
jackpotcitycasino-uk.uk,23,0,2,1,1,1,0,3.675310868912364,0,156.0,1,1,1,1
fezzogaming.com,15,0,1,1,0,0,0,3.373557262275185,0,0.0,0,1,0,1
slotsmagic.com,14,0,1,1,0,1,0,3.235926350629033,0,8371.0,1,0,1,1
red.mgame.com,13,0,2,2,0,0,0,3.026986833359288,0,9650.0,1,0,0,1
casivera.pro,12,0,1,1,0,0,0,3.2516291673878226,0,0.0,0,1,0,1
betdaq.com,10,0,1,1,0,1,0,3.321928094887362,0,9388.0,1,0,1,1
bet-account-777.xyz,19,3,3,1,1,1,0,3.6818808028034025,1,0.0,0,1,0,0
gamezone.ph,11,0,1,1,0,0,0,3.277613436819116,0,0.0,0,0,1,1
spgames.ph,10,0,1,1,0,0,0,2.9219280948873623,0,0.0,0,0,0,1
buenas.pro,10,0,1,1,0,0,0,3.321928094887362,0,0.0,0,0,1,1
aw33bd.com,10,2,1,1,0,0,0,3.1219280948873624,0,1191.0,1,1,0,1
idnplaypoker,12,0,0,0,0,0,0,3.4182958340544896,0,0.0,0,1,0,0
pinkribbonbingo.com,19,0,1,1,0,0,0,3.246898565619697,0,5815.0,1,0,1,1
cashwin,7,0,0,0,0,1,0,2.807354922057604,0,0.0,0,1,0,0
casinoburada204.com,19,3,1,1,0,1,0,3.787143960698139,0,516.0,1,1,0,1
casivera66.com,14,2,1,1,0,0,0,3.378783493486176,0,0.0,0,1,0,1
birinicibet2.com,16,1,1,1,0,1,0,3.25,0,0.0,0,1,0,0
rgp.egamescasino.ph,19,0,2,2,0,1,0,3.616348566075165,0,0.0,0,0,1,1
747.live,8,3,1,1,0,0,0,2.75,0,0.0,0,1,1,1
sportybetbalanceadderx.weebly.com,33,0,2,2,0,1,0,3.9195633472747033,0,7319.0,1,1,0,0
nopeampi.com,12,0,1,1,0,0,0,3.084962500721156,0,3071.0,1,0,1,1
explosionbet.com,16,0,1,1,0,1,0,3.577819531114783,0,0.0,0,1,0,0
betsson.co.uk,13,0,2,2,0,1,0,3.238901256602631,0,6454.0,1,0,1,1
pushbet.co.uk,13,0,2,2,0,1,0,3.3927474104487847,0,2155.0,1,0,1,1
youplayfortuna.com,18,0,1,1,0,0,0,3.5724312513221195,0,0.0,0,1,0,0
electricspins.com,17,0,1,1,0,0,0,3.4548223999466057,0,2844.0,1,0,1,1
24grandcasino.com,17,2,1,1,0,1,0,3.616874605956222,0,4589.0,1,1,0,1
skycasino.com,13,0,1,1,0,1,0,3.238901256602631,0,10803.0,1,0,0,1
harbibahis.com,14,0,1,1,0,0,0,3.235926350629033,0,2887.0,1,1,0,1
essbahis.com,12,0,1,1,0,0,0,3.188721875540867,0,1344.0,1,1,0,1
sportybetadder581spo.weebly.com,31,3,2,2,0,1,0,4.026619294188054,0,7319.0,1,1,1,1
jadedsportsbet.com,18,0,1,1,0,1,0,3.614369445886757,0,0.0,0,0,0,0
download.pin77.com,18,2,2,2,0,0,0,3.4613201402110083,0,2135.0,1,0,1,1
vavadacnv.com,13,0,1,1,0,0,0,2.815072410115944,0,0.0,0,1,0,0
747.casino,10,3,1,1,0,1,0,3.1219280948873624,0,0.0,0,1,0,1
slot-login-777.buzz,19,3,3,1,1,1,0,3.5766176449086657,0,0.0,0,1,0,0
endorphina.com,14,0,1,1,0,0,0,3.521640636343318,0,4609.0,1,0,0,1
bestbetss2u.com,15,1,1,1,0,1,0,3.1898980954642875,0,0.0,0,1,0,1
sportybet-nig-bookingcode.weebly.com,36,0,4,2,1,1,0,4.048688113203416,0,7319.0,1,1,0,0
bet33.in,8,2,1,1,0,1,0,2.75,0,1507.0,1,1,1,1
god55m6.org,11,3,1,1,0,0,0,2.913977073182752,0,1457.0,1,1,1,1
borgataonline.com,17,0,1,1,0,0,0,3.572469458770135,0,9398.0,1,0,1,1
play.monopolycasino.com,23,0,2,2,0,1,0,3.323142804994543,0,9944.0,1,0,0,1
amgaminggroup.com,17,0,1,1,0,0,0,3.29277019393699,0,1553.0,1,0,1,1
apuestarey.com,14,0,1,1,0,0,0,3.521640636343318,0,1270.0,1,0,1,1
betacular.live,14,0,1,1,0,1,0,3.378783493486176,0,0.0,0,1,1,1
1-xbet.in,9,1,2,1,1,1,0,3.169925001442312,0,1870.0,1,1,0,1
nordicautomaten.com,19,0,1,1,0,0,0,3.471354487013929,0,4661.0,1,0,1,1
rekabet.eu,10,0,1,1,0,1,0,2.8464393446710154,0,0.0,0,1,0,0
vulkan-365.cc,13,3,2,1,1,0,0,3.546593564294939,0,287.0,1,1,0,0
spintime.ph,11,0,1,1,0,0,0,3.095795255000934,0,0.0,0,0,0,1
sportybetreedembonus04.weebly.com,33,2,2,2,0,1,0,3.9225895736416696,0,7319.0,1,1,0,0
ibet1x2.com,11,2,1,1,0,1,0,3.4594316186372973,0,0.0,0,1,0,0
ph.747.live,11,3,2,2,0,0,0,3.095795255000934,0,0.0,0,0,1,1
lucksports.biz,14,0,1,1,0,0,0,3.664497779200461,0,0.0,0,1,0,0
winpanalo.com,13,0,1,1,0,1,0,3.238901256602631,0,458.0,1,0,0,0
bet368.in,9,3,1,1,0,1,0,3.169925001442312,0,0.0,0,1,0,0
bosswd777,9,3,0,0,0,1,0,2.4193819456463714,0,0.0,0,1,0,0
poker-bonus-888.site,20,3,3,1,1,0,0,3.684183719779189,1,0.0,0,1,0,0
bet-bonus-365.live,18,3,3,1,1,1,0,3.836591668108978,0,0.0,0,1,0,0
betmarlo539.com,15,3,1,1,0,1,0,3.640223928941852,0,0.0,0,1,0,1
supercasino.com,15,0,1,1,0,1,0,3.506890595608519,0,8195.0,1,0,1,1
vulcanplay.one,14,0,1,1,0,0,0,3.378783493486176,0,604.0,1,1,0,1
dafabet,7,0,0,0,0,1,0,2.521640636343318,0,0.0,0,1,0,0
betmgm.co.uk,12,0,2,2,0,1,0,3.2516291673878226,0,1081.0,1,0,0,1
citybingo.com,13,0,1,1,0,0,0,3.238901256602631,0,9185.0,1,0,1,1
klikfifa.com,12,0,1,1,0,0,0,3.084962500721156,0,4948.0,1,1,0,1
tombola.com,11,0,1,1,0,0,0,2.8453509366224368,0,10666.0,1,0,1,1
kodabet.com,11,0,1,1,0,1,0,3.277613436819116,0,415.0,1,0,1,1
footballtycoon.org,18,0,1,1,0,0,0,3.3027227528624894,0,0.0,0,1,0,0
casinowinner.io,15,0,1,1,0,1,0,3.139572261986723,0,655.0,1,1,0,0
bybet.ph,8,0,1,1,0,1,0,2.75,0,0.0,0,0,1,1
shbazi30.com,12,2,1,1,0,0,0,3.584962500721156,0,0.0,0,1,0,0
