domain,label,source,category
arenaplus.ph,1,verified_gambling,gambling
mfe.bigbunny.ph,1,verified_gambling,gambling
playpal77.ph,1,verified_gambling,gambling
cardtime.ph,1,verified_gambling,gambling
inplay.88play.ph,1,verified_gambling,gambling
casinoper.com,1,verified_gambling,gambling
rainbowspins.com,1,verified_gambling,gambling
pinkcasino.co.uk,1,verified_gambling,gambling
doverfcu.com,0,UT1_non_gambling_category,bank
farmersstatebank.com,0,UT1_non_gambling_category,bank
dechetsrps.lolforum.net,0,UT1_non_gambling_category,games
canadasoccer.com,0,UT1_non_gambling_category,sports
elbet.com,1,verified_gambling,gambling
cyworld.com.cn,0,UT1_non_gambling_category,social_networks
textaloud.com,0,UT1_non_gambling_category,audio-video
artemix.com.pl,0,UT1_non_gambling_category,shopping
sin88.club,1,verified_gambling,gambling
omnislots.com,1,verified_gambling,gambling
plastikwrap.com,0,UT1_non_gambling_category,shopping
kingcasino.com,1,verified_gambling,gambling
fohboh.com,0,UT1_non_gambling_category,social_networks
buenas.plus,1,verified_gambling,gambling
hfcbank.co.uk,0,UT1_non_gambling_category,bank
jonswatches.com,0,UT1_non_gambling_category,shopping
justspin.com,1,verified_gambling,gambling
rrbet.com,1,verified_gambling,gambling
mgame.com,0,manual_verified_non_gambling,manual
alfobet.com,1,verified_gambling,gambling
mmpdragracing.com,0,UT1_non_gambling_category,sports
mrluck.com,1,verified_gambling,gambling
skyvegas.com,1,verified_gambling,gambling
credit-cooperatif.coop,0,UT1_non_gambling_category,bank
galhia.eklablog.com,0,UT1_non_gambling_category,child
liveroulette.com,1,verified_gambling,gambling
centurytelcenter.com,0,UT1_non_gambling_category,sports
kendo.org.uk,0,UT1_non_gambling_category,sports
translate.google.je,0,UT1_non_gambling_category,translation
coin-edex-pro.com,0,UT1_non_gambling_category,jobsearch
soundcloud.com,0,UT1_non_gambling_category,"audio-video, social_networks"
larrycsonka.com,0,UT1_non_gambling_category,sports
m.hollywoodbets.co.uk,1,verified_gambling,gambling
nj.betmgm.com,1,verified_gambling,gambling
igo.ph,1,verified_gambling,gambling
designershoes.com,0,UT1_non_gambling_category,shopping
email.bestdresses.com,0,UT1_non_gambling_category,webmail
aldiatx.com,0,UT1_non_gambling_category,press
luckyi.com,1,verified_gambling,gambling
playtime.ph,1,verified_gambling,gambling
casinomaxx.ph,1,verified_gambling,gambling
cdic.ca,0,UT1_non_gambling_category,bank
vauhdikas.com,1,verified_gambling,gambling
pokerstarscasino.uk,1,verified_gambling,gambling
81bet.com,1,verified_gambling,gambling
csnll.org,0,UT1_non_gambling_category,sports
klikfifa.com,1,verified_gambling,gambling
okbet.com,1,verified_gambling,gambling
whamoo.com,1,verified_gambling,gambling
bigwin29.com,1,verified_gambling,gambling
avatarpress.com,0,UT1_non_gambling_category,audio-video
doorbreaker.com,0,UT1_non_gambling_category,shopping
freeskatelesson.com,0,UT1_non_gambling_category,sports
arkvalleynews.com,0,UT1_non_gambling_category,press
horseshoeonlinecasino.com,1,verified_gambling,gambling
bppoker.live,1,verified_gambling,gambling
bigbunny.ph,1,verified_gambling,gambling
betvictor.com,1,verified_gambling,gambling
curriki.org,0,UT1_non_gambling_category,social_networks
pushbet.co.uk,1,verified_gambling,gambling
big5casino.com,1,verified_gambling,gambling
slotmojo.com,1,verified_gambling,gambling
zetbet.com,1,verified_gambling,gambling
ddtonline.com,0,UT1_non_gambling_category,press
coral.co.uk,1,verified_gambling,gambling
optibet.com,1,verified_gambling,gambling
eeze.com,1,verified_gambling,gambling
newsaegis.com,0,UT1_non_gambling_category,press
area51cod.com,0,UT1_non_gambling_category,games
rfi.fr,0,UT1_non_gambling_category,audio-video
bet365.com,1,verified_gambling,gambling
savanvegas.com,0,UT1_non_gambling_category,games
goldennuggetcasino.com,1,verified_gambling,gambling
jackpot247.com,1,verified_gambling,gambling
blelorraine.fr,0,UT1_non_gambling_category,cooking
translate.google.cx,0,UT1_non_gambling_category,translation
c93dg24kellie.info,0,UT1_non_gambling_category,jobsearch
api.pin77.com,1,verified_gambling,gambling
amusnetgaming.com,1,verified_gambling,gambling
redbusbingo.com,1,verified_gambling,gambling
translate.google.im,0,UT1_non_gambling_category,translation
progressivecu.org,0,UT1_non_gambling_category,bank
translate.google.vg,0,UT1_non_gambling_category,translation
maumellemonitor.com,0,UT1_non_gambling_category,press
coinhouse-epargne.com,0,UT1_non_gambling_category,jobsearch
peachygames.com,1,verified_gambling,gambling
bingoplus.online,1,verified_gambling,gambling
bppoker.app,1,verified_gambling,gambling
gptfortinder.com,0,UT1_non_gambling_category,jobsearch
sciencestage.com,0,UT1_non_gambling_category,social_networks
vegas.boylesports.com,1,verified_gambling,gambling
swdtimes.com,0,UT1_non_gambling_category,press
slotpony.com,1,verified_gambling,gambling
boomerangs.net,0,UT1_non_gambling_category,shopping
redcross.org.uk,0,manual_verified_non_gambling,manual
xlbet.com,1,verified_gambling,gambling
smarkets.com,1,verified_gambling,gambling
nustarmax.com,1,verified_gambling,gambling
cuisine-et-mets.com,0,UT1_non_gambling_category,cooking
thepumpingstation.com,0,UT1_non_gambling_category,sports
slotsquad.com,1,verified_gambling,gambling
rbvn08.com,1,verified_gambling,gambling
translate.google.td,0,UT1_non_gambling_category,translation
cuisine.journaldesfemmes.com,0,UT1_non_gambling_category,cooking
olaspill.com,1,verified_gambling,gambling
24casino1.bet,1,verified_gambling,gambling
betfair.com,1,verified_gambling,gambling
freemail.hu,0,UT1_non_gambling_category,webmail
purewhimsy.com,0,UT1_non_gambling_category,shopping
premiere.globo.com,0,UT1_non_gambling_category,audio-video
beadhub.com,0,UT1_non_gambling_category,shopping
sportingbet.com,1,verified_gambling,gambling
cashed.com,1,verified_gambling,gambling
magix-photos.com,0,UT1_non_gambling_category,audio-video
boylesports.com,1,verified_gambling,gambling
gullybet.com,1,verified_gambling,gambling
cdnvideo.aufeminin.com,0,UT1_non_gambling_category,audio-video
xxxsmsportal.com,0,UT1_non_gambling_category,audio-video
okgames.com,1,verified_gambling,gambling
everbelleelle.com,0,UT1_non_gambling_category,jobsearch
d5bridge.com,0,UT1_non_gambling_category,games
swteam.info,0,UT1_non_gambling_category,audio-video
buenas.life,1,verified_gambling,gambling
24pokies4.com,1,verified_gambling,gambling
vinzetlou.net,0,UT1_non_gambling_category,"child, educational_games"
maximalwins.com,1,verified_gambling,gambling
olyon.fr,0,UT1_non_gambling_category,sports
comeon.com,1,verified_gambling,gambling
toupty.com,0,UT1_non_gambling_category,"child, educational_games"
neonvegas.com,1,verified_gambling,gambling
affiliates.winzir.com,1,verified_gambling,gambling
karhubet.com,1,verified_gambling,gambling
jannepan.nl,0,UT1_non_gambling_category,shopping
pulsejournal.com,0,UT1_non_gambling_category,press
vivideclass.eklablog.com,0,UT1_non_gambling_category,child
buenas.asia,1,verified_gambling,gambling
translate.google.kn,0,UT1_non_gambling_category,translation
quinnbet.com,1,verified_gambling,gambling
stylehop.com,0,UT1_non_gambling_category,social_networks
kachingo.com,1,verified_gambling,gambling
lotusbook.io,1,verified_gambling,gambling
dosgamer.com,0,UT1_non_gambling_category,games
iletaitunehistoire.com,0,UT1_non_gambling_category,child
del4yo.blogs.com,0,UT1_non_gambling_category,child
firstadvantagebank.com,0,UT1_non_gambling_category,bank
studentscircle.net,0,UT1_non_gambling_category,social_networks
equest.org,0,UT1_non_gambling_category,sports
messhof.com,0,UT1_non_gambling_category,games
laclassedeluccia.eklablog.com,0,UT1_non_gambling_category,child
24pokies1.com,1,verified_gambling,gambling
sg8.zone,1,verified_gambling,gambling
gambeta10.com,1,verified_gambling,gambling
gommeetgribouillages.fr,0,UT1_non_gambling_category,child
casino.betway.com,1,verified_gambling,gambling
topliste-movie.com,0,UT1_non_gambling_category,audio-video
dawdle.com,0,UT1_non_gambling_category,social_networks
reblz.com,1,verified_gambling,gambling
blackhawkparts.com,0,UT1_non_gambling_category,shopping
1xbet.com,1,verified_gambling,gambling
mundodeportivo.es,0,UT1_non_gambling_category,sports
dresslerstencils.com,0,UT1_non_gambling_category,shopping
play.bingoplus.com,1,verified_gambling,gambling
2jr.org,0,UT1_non_gambling_category,child
delices-du-monde.fr,0,UT1_non_gambling_category,cooking
bimamail.com,0,UT1_non_gambling_category,webmail
men-in-kilts.com,0,UT1_non_gambling_category,shopping
cross.tv,0,UT1_non_gambling_category,social_networks
poissonrouge.com,0,UT1_non_gambling_category,child
n1-bet.ng,1,verified_gambling,gambling
doostang.com,0,UT1_non_gambling_category,social_networks
psmsclasse.eklablog.com,0,UT1_non_gambling_category,child
forestgreen-ape-783865.hostingersite.com,0,UT1_non_gambling_category,jobsearch
kofferprofi.de,0,UT1_non_gambling_category,shopping
bppoker.net,1,verified_gambling,gambling
fastwin.ph,1,verified_gambling,gambling
sportsplus.ph,1,verified_gambling,gambling
ecpod.com,0,UT1_non_gambling_category,social_networks
rotarylombardiaward.com,0,UT1_non_gambling_category,sports
mathador.fr,0,UT1_non_gambling_category,educational_games
kajotgames.com,1,verified_gambling,gambling
redcasino.com,1,verified_gambling,gambling
juan365.com,1,verified_gambling,gambling
download.pin77.com,1,verified_gambling,gambling
recettesduchef.fr,0,UT1_non_gambling_category,cooking
coachsformula.com,0,UT1_non_gambling_category,sports
an.no,0,UT1_non_gambling_category,press
betfred.com,1,verified_gambling,gambling
translate.google.ht,0,UT1_non_gambling_category,translation
airfryer-tips.us,0,UT1_non_gambling_category,cooking
huskersnside.com,0,UT1_non_gambling_category,sports
mail.atlas.sk,0,UT1_non_gambling_category,webmail
zwaard-steen.bene.ws,0,UT1_non_gambling_category,games
imailreader.com,0,UT1_non_gambling_category,webmail
jeux.lulu.pagesperso-orange.fr,0,UT1_non_gambling_category,educational_games
starsports.bet,1,verified_gambling,gambling
c2h8r9.lat,0,UT1_non_gambling_category,jobsearch
winzir.com,1,verified_gambling,gambling
betovis.com,1,verified_gambling,gambling
inplay.betway.com,1,verified_gambling,gambling
translate.google.bf,0,UT1_non_gambling_category,translation
translate.google.re,0,UT1_non_gambling_category,translation
king.ph,1,verified_gambling,gambling
smtp3.aruba.it,0,UT1_non_gambling_category,webmail
fanderglous.pro,0,UT1_non_gambling_category,jobsearch
lovecat.com,0,UT1_non_gambling_category,webmail
translate.google.ms,0,UT1_non_gambling_category,translation
trousseetcartable.fr,0,UT1_non_gambling_category,child
pesomaxfun.com,1,verified_gambling,gambling
lescoccinelles.free.fr,0,UT1_non_gambling_category,child
greenspringgolfcourse.com,0,UT1_non_gambling_category,sports
butterflybingo.com,1,verified_gambling,gambling
homelumbercom.com,0,UT1_non_gambling_category,shopping
hardrock.bet,1,verified_gambling,gambling
standardbank.com,0,UT1_non_gambling_category,bank
tropicanacasino.com,1,verified_gambling,gambling
slotsanimal.com,1,verified_gambling,gambling
gameph.com,1,verified_gambling,gambling
bingobet.com,1,verified_gambling,gambling
cbak.com,0,UT1_non_gambling_category,bank
divabingo.com,1,verified_gambling,gambling
bahisnow.com,1,verified_gambling,gambling
old.747ph.live,1,verified_gambling,gambling
bingoplus.com,1,verified_gambling,gambling
regentplay.com,1,verified_gambling,gambling
aparat.com,0,UT1_non_gambling_category,audio-video
resortscasino.com,1,verified_gambling,gambling
vacb.org,0,UT1_non_gambling_category,bank
dreamjackpot.com,1,verified_gambling,gambling
buenas.bet,1,verified_gambling,gambling
ggpoker.ph,1,verified_gambling,gambling
ggpanalo.com,1,verified_gambling,gambling
888sport.com,1,verified_gambling,gambling
santandertotta.pt,0,UT1_non_gambling_category,bank
hpbet.com,1,verified_gambling,gambling
nj.bet365.com,1,verified_gambling,gambling
listography.com,0,UT1_non_gambling_category,social_networks
ww88.com,1,verified_gambling,gambling
eastbridge-sb.com,1,verified_gambling,gambling
tokcount.com,0,UT1_non_gambling_category,social_networks
imo.im,0,UT1_non_gambling_category,webmail
electricspins.com,1,verified_gambling,gambling
gtongits.com,1,verified_gambling,gambling
24pokies.com,1,verified_gambling,gambling
linkfilter.net,0,UT1_non_gambling_category,social_networks
poste.it,0,UT1_non_gambling_category,bank
luckybull.com,1,verified_gambling,gambling
peryaplay.ph,1,verified_gambling,gambling
bingoplus.ph,1,verified_gambling,gambling
africa-11.com,0,UT1_non_gambling_category,webmail
guardspoloclub.com,0,UT1_non_gambling_category,sports
w88.com,1,verified_gambling,gambling
extraspel.com,1,verified_gambling,gambling
lucky-casino.co,1,verified_gambling,gambling
kwiff.com,1,verified_gambling,gambling
quickspinner.com,1,verified_gambling,gambling
s5casino.ph,1,verified_gambling,gambling
dogobet.com,1,verified_gambling,gambling
b2venture.com,0,UT1_non_gambling_category,jobsearch
okbet.game,1,verified_gambling,gambling
class.kyoto-u.xyz,0,UT1_non_gambling_category,jobsearch
aztecwins.com,1,verified_gambling,gambling
azg.am,0,UT1_non_gambling_category,press
casinojefe.com,1,verified_gambling,gambling
syncone.net,0,UT1_non_gambling_category,social_networks
betgoodwin.co.uk,1,verified_gambling,gambling
skybet.com,1,verified_gambling,gambling
bebelusultau.ro,0,UT1_non_gambling_category,shopping
glasfordbank.com,0,UT1_non_gambling_category,bank
888.com,1,verified_gambling,gambling
x37b.free.fr,0,UT1_non_gambling_category,audio-video
stardustcasino.com,1,verified_gambling,gambling
smartyarcade.com,0,UT1_non_gambling_category,games
bet88.com,1,verified_gambling,gambling
slotnite.com,1,verified_gambling,gambling
rosebikes.de,0,UT1_non_gambling_category,shopping
habbo.jp,0,UT1_non_gambling_category,social_networks
nitrowin.com,1,verified_gambling,gambling
thelotterlab.com,1,verified_gambling,gambling
infomaniak.com,0,UT1_non_gambling_category,webmail
slotskingdom.co.uk,1,verified_gambling,gambling
placebet.co.uk,1,verified_gambling,gambling
70bet.com,1,verified_gambling,gambling
750g.com,0,UT1_non_gambling_category,cooking
partycasino.com,1,verified_gambling,gambling
buenas.cc,1,verified_gambling,gambling
betscore24.com,1,verified_gambling,gambling
gamesinhome.com,0,UT1_non_gambling_category,games
okfun.ph,1,verified_gambling,gambling
familyvote.info,0,UT1_non_gambling_category,jobsearch
mp3sland.com,0,UT1_non_gambling_category,audio-video
fqnvtmqsywublocpheas.eu,0,UT1_non_gambling_category,jobsearch
harrahscasino.com,1,verified_gambling,gambling
spintime.ph,1,verified_gambling,gambling
fotki.com,0,UT1_non_gambling_category,social_networks
ladbrokes.com,1,verified_gambling,gambling
auuth--trez--login.webflow.io,0,UT1_non_gambling_category,jobsearch
translate.google.lu,0,UT1_non_gambling_category,translation
sbobet.com,1,verified_gambling,gambling
slotcrazy.com,1,verified_gambling,gambling
finalshell.me,0,UT1_non_gambling_category,jobsearch
fredericksburgstandard.com,0,UT1_non_gambling_category,press
hacksawgaming.com,1,verified_gambling,gambling
jeux-pour-enfants.com,0,UT1_non_gambling_category,"child, games"
tournamentplus.com,1,verified_gambling,gambling
ggbbbet.net,1,verified_gambling,gambling
meccabingo.com,1,verified_gambling,gambling
fubar.com,0,UT1_non_gambling_category,social_networks
discoveryplus.com,0,UT1_non_gambling_category,audio-video
blingwin.com,1,verified_gambling,gambling
casinowinner.io,1,verified_gambling,gambling
mcb1980.com,0,UT1_non_gambling_category,bank
cortrustbank.com,0,UT1_non_gambling_category,bank
casino.fanduel.com,1,verified_gambling,gambling
casiwinner.com,1,verified_gambling,gambling
wadenastatebank.com,0,UT1_non_gambling_category,bank
bwin.com,1,verified_gambling,gambling
gardenworx.ae,0,UT1_non_gambling_category,jobsearch
buffalospins.com,1,verified_gambling,gambling
fgbbse.blogspot.mx,0,UT1_non_gambling_category,jobsearch
boliviamall.com,0,UT1_non_gambling_category,shopping
kiddreams.ru,0,UT1_non_gambling_category,shopping
enterprise-journal.com,0,UT1_non_gambling_category,press
primarygames.com,0,UT1_non_gambling_category,"child, educational_games, games"
caesarspalaceonline.com,1,verified_gambling,gambling
460.com,1,verified_gambling,gambling
sugarino.com,1,verified_gambling,gambling
babu88bd.com,1,verified_gambling,gambling
b-bets.com,1,verified_gambling,gambling
rapidcasino.com,1,verified_gambling,gambling
gladiator-slot.com,1,verified_gambling,gambling
basketball.ca,0,UT1_non_gambling_category,sports
snews.com,0,UT1_non_gambling_category,press
tibao.com,0,UT1_non_gambling_category,child
fuelcheck.co.uk,0,UT1_non_gambling_category,bank
hannliveonline.com,1,verified_gambling,gambling
albicla.com,0,UT1_non_gambling_category,social_networks
paroles.net,0,UT1_non_gambling_category,audio-video
haha777.world,1,verified_gambling,gambling
apennootje.nl,0,UT1_non_gambling_category,webmail
del4yo.squarespace.com,0,UT1_non_gambling_category,child
macvillage.net,0,UT1_non_gambling_category,webmail
msw.ph,1,verified_gambling,gambling
classicpins.com,0,UT1_non_gambling_category,shopping
regalwins.com,1,verified_gambling,gambling
productclash.com,0,UT1_non_gambling_category,social_networks
666casino.com,1,verified_gambling,gambling
20winpkr.com,1,verified_gambling,gambling
cahierdegourmandises.fr,0,UT1_non_gambling_category,cooking
mrvegas.com,1,verified_gambling,gambling
myemail.com,0,UT1_non_gambling_category,webmail
linqapp.com,0,manual_verified_non_gambling,manual
slotzy.com,1,verified_gambling,gambling
kzingdemo.com,1,verified_gambling,gambling
texarfcu.org,0,UT1_non_gambling_category,bank
voodoodreams.com,1,verified_gambling,gambling
chaudronmagique.fr,0,UT1_non_gambling_category,cooking
queenplay.com,1,verified_gambling,gambling
star-telegram.com,0,UT1_non_gambling_category,press
24pokies3.com,1,verified_gambling,gambling
megafunalo.com,1,verified_gambling,gambling
789.com,1,verified_gambling,gambling
slamz.com,1,verified_gambling,gambling
kwikky.com,1,verified_gambling,gambling
gametz.com,0,UT1_non_gambling_category,games
nicnacnoo.com,0,UT1_non_gambling_category,games
energy-sprix.net,0,UT1_non_gambling_category,jobsearch
telluridewatch.com,0,UT1_non_gambling_category,press
richmoose.com,1,verified_gambling,gambling
frameinteractive.com,0,UT1_non_gambling_category,games
j8992.com,1,verified_gambling,gambling
luckyfuel.com,1,verified_gambling,gambling
bybet.com,1,verified_gambling,gambling
help-trezor--wallit.webflow.io,0,UT1_non_gambling_category,jobsearch
winpanalo.com,1,verified_gambling,gambling
fb.com,0,UT1_non_gambling_category,social_networks
okbet.one,1,verified_gambling,gambling
hawkgaming.com,1,verified_gambling,gambling
nicoland.com,0,UT1_non_gambling_category,"child, games"
neighborrow.com,0,UT1_non_gambling_category,social_networks
fruits4real.com,1,verified_gambling,gambling
borgataonline.com,1,verified_gambling,gambling
breederscup.com,0,UT1_non_gambling_category,sports
habbo.cn,0,UT1_non_gambling_category,social_networks
ob9sg.com,1,verified_gambling,gambling
bingo.boylesports.com,1,verified_gambling,gambling
laclassedelaurene.blogspot.fr,0,UT1_non_gambling_category,child
heyspin.com,1,verified_gambling,gambling
nopeampi.com,1,verified_gambling,gambling
sfondissimo.com,0,UT1_non_gambling_category,audio-video
onlywire.com,0,UT1_non_gambling_category,social_networks
luckydino.com,1,verified_gambling,gambling
buenas.site,1,verified_gambling,gambling
luciddreamsstudio.com,0,UT1_non_gambling_category,games
citybingo.com,1,verified_gambling,gambling
crystalslots.com,1,verified_gambling,gambling
webecolia.fr,0,UT1_non_gambling_category,educational_games
okplay.ph,1,verified_gambling,gambling
luckygame.ph,1,verified_gambling,gambling
1-bdmbet.com,1,verified_gambling,gambling
anystamps.com,0,UT1_non_gambling_category,shopping
mwtools.thyle.net,0,UT1_non_gambling_category,games
capoeuropa.com,0,UT1_non_gambling_category,sports
ultracasino.com,1,verified_gambling,gambling
westsidepa.com,0,UT1_non_gambling_category,press
murphysboroamerican.com,0,UT1_non_gambling_category,press
okadaonlinecasino.com,1,verified_gambling,gambling
auboutdelalangue.com,0,UT1_non_gambling_category,cooking
championzone.ph,1,verified_gambling,gambling
login.747ph.live,1,verified_gambling,gambling
translate.google.tl,0,UT1_non_gambling_category,translation
seattlebank.com,0,UT1_non_gambling_category,bank
peredodu.fr,0,UT1_non_gambling_category,cooking
nustargame.ph,1,verified_gambling,gambling
pokerstars.uk,1,verified_gambling,gambling
mailbox.org,0,UT1_non_gambling_category,webmail
eplay.egamescasino.ph,1,verified_gambling,gambling
translate.google.cn,0,UT1_non_gambling_category,translation
polfejs.net,0,UT1_non_gambling_category,social_networks
alpha.hanich.hr,0,UT1_non_gambling_category,shopping
translate.google.gp,0,UT1_non_gambling_category,translation
solaireonline.com,1,verified_gambling,gambling
nj.betrivers.com,1,verified_gambling,gambling
translate.google.ec,0,UT1_non_gambling_category,translation
pirateslots.com,1,verified_gambling,gambling
ghostmshop.mgame.com,0,manual_verified_non_gambling,manual
play.ballybet.com,1,verified_gambling,gambling
extra-promotion.cyou,0,UT1_non_gambling_category,jobsearch
bc.game,1,verified_gambling,gambling
sg8.casino,1,verified_gambling,gambling
spinju.com,1,verified_gambling,gambling
translate.google.by,0,UT1_non_gambling_category,translation
neptuneplay.com,1,verified_gambling,gambling
ibet.com,1,verified_gambling,gambling
4j.com,0,UT1_non_gambling_category,games
belepo.coreweb.hu,0,UT1_non_gambling_category,games
casinoin.ie,1,verified_gambling,gambling
betmgm.co.uk,1,verified_gambling,gambling
academiedugout.fr,0,UT1_non_gambling_category,cooking
donveriala.biz,0,UT1_non_gambling_category,jobsearch
casino-super.net,1,verified_gambling,gambling
ahiba.hn,0,UT1_non_gambling_category,bank
your-mail.com,0,UT1_non_gambling_category,webmail
usashooting.com,0,UT1_non_gambling_category,sports
translate.google.ws,0,UT1_non_gambling_category,translation
baudetteregion.com,0,UT1_non_gambling_category,press
happybingo.ph,1,verified_gambling,gambling
phoeniciancasino.eu,1,verified_gambling,gambling
heat.harise.shop,0,UT1_non_gambling_category,jobsearch
betmaster.eu,1,verified_gambling,gambling
live.mediaserver.kataweb.it,0,UT1_non_gambling_category,audio-video
festival.sg8.casino,1,verified_gambling,gambling
crazywin.ph,1,verified_gambling,gambling
maclasseamoa.wordpress.com,0,UT1_non_gambling_category,child
smokiesbaseball.com,0,UT1_non_gambling_category,sports
hawkgamingph.com,1,verified_gambling,gambling
emailasso.net,0,UT1_non_gambling_category,webmail
bet55.com,1,verified_gambling,gambling
translate.google.ug,0,UT1_non_gambling_category,translation
lbusa.com,0,UT1_non_gambling_category,bank
copperconnection.com,0,UT1_non_gambling_category,shopping
thelebanonnews.com,0,UT1_non_gambling_category,press
ps88.com,1,verified_gambling,gambling
skybingo.com,1,verified_gambling,gambling
thedishmovie.warnerbros.com,0,UT1_non_gambling_category,audio-video
endorphina.com,1,verified_gambling,gambling
bercare.help,0,UT1_non_gambling_category,jobsearch
spincasino.co.uk,1,verified_gambling,gambling
primblog.fr,0,UT1_non_gambling_category,child
elyucasino.com,1,verified_gambling,gambling
vegasland.com,1,verified_gambling,gambling
nitrocasino.com,1,verified_gambling,gambling
postcodelottery.co.uk,1,verified_gambling,gambling
747.live,1,verified_gambling,gambling
gtaya.com,1,verified_gambling,gambling
pepourlavie.eklablog.com,0,UT1_non_gambling_category,child
play.monopolycasino.com,1,verified_gambling,gambling
thescore.bet,1,verified_gambling,gambling
ab-cds.com,0,UT1_non_gambling_category,shopping
4crownscasino.com,1,verified_gambling,gambling
w88kub.com,1,verified_gambling,gambling
webdisk.winzir.com,1,verified_gambling,gambling
pin77.com,1,verified_gambling,gambling
skycasino.com,1,verified_gambling,gambling
888bingo.com,1,verified_gambling,gambling
3chardons.com,0,UT1_non_gambling_category,child
gperya.com,1,verified_gambling,gambling
recipezaar.com,0,UT1_non_gambling_category,social_networks
arenaplus.net,1,verified_gambling,gambling
gzone.ph,1,verified_gambling,gambling
magicred.com,1,verified_gambling,gambling
patokbet.com,1,verified_gambling,gambling
podplayer.net,0,UT1_non_gambling_category,games
wsop.com,1,verified_gambling,gambling
america.hm,0,UT1_non_gambling_category,webmail
nustar.ph,1,verified_gambling,gambling
biz-grupp.ru,0,UT1_non_gambling_category,jobsearch
alpro.com,0,UT1_non_gambling_category,cooking
game.mop.com,0,UT1_non_gambling_category,games
galabingo.com,1,verified_gambling,gambling
debet.bot,1,verified_gambling,gambling
tcfcu.coop,0,UT1_non_gambling_category,bank
translate.google.vn,0,UT1_non_gambling_category,translation
royale-casino.net,1,verified_gambling,gambling
tricentury.com,0,UT1_non_gambling_category,bank
okgames.net,1,verified_gambling,gambling
tribunenews.com,0,UT1_non_gambling_category,press
67bet.com,1,verified_gambling,gambling
debet.moi,1,verified_gambling,gambling
ptgaming.ph,1,verified_gambling,gambling
mrplay.com,1,verified_gambling,gambling
casseroleetchocolat.fr,0,UT1_non_gambling_category,cooking
xt3am.ro,0,UT1_non_gambling_category,audio-video
hippodromeonline.com,1,verified_gambling,gambling
casumo.com,1,verified_gambling,gambling
imbee.com,0,UT1_non_gambling_category,social_networks
happyplay.ph,1,verified_gambling,gambling
pesomax.com,1,verified_gambling,gambling
recette.cuisine.notrefamille.com,0,UT1_non_gambling_category,cooking
toutatice.fr,0,UT1_non_gambling_category,child
translate.google.uz,0,UT1_non_gambling_category,translation
mail.srpc.com,0,UT1_non_gambling_category,webmail
coldmail.nu,0,UT1_non_gambling_category,webmail
alamogordonews.com,0,UT1_non_gambling_category,press
euchrelinks.com,0,UT1_non_gambling_category,games
batumcasino1.com,1,verified_gambling,gambling
escortstore.com,0,UT1_non_gambling_category,shopping
gamefun.ph,1,verified_gambling,gambling
5ingredients15minutes.com,0,UT1_non_gambling_category,cooking
grosvenorcasinos.com,1,verified_gambling,gambling
66cc6.com,1,verified_gambling,gambling
ahwatukee.com,0,UT1_non_gambling_category,press
bet-at-home.de,1,verified_gambling,gambling
earsucker.com,0,UT1_non_gambling_category,audio-video
pellachronicle.com,0,UT1_non_gambling_category,press
smtpipvs3.aruba.it,0,UT1_non_gambling_category,webmail
dudechaussureshop.fr,0,UT1_non_gambling_category,jobsearch
okbet.link,1,verified_gambling,gambling
indiantraders.com,0,UT1_non_gambling_category,shopping
lakiwin.com,1,verified_gambling,gambling
888casino.com,1,verified_gambling,gambling
maitresse-myriam.eklablog.com,0,UT1_non_gambling_category,child
combancal.com,0,UT1_non_gambling_category,bank
slotsmagic.com,1,verified_gambling,gambling
lottofy.com,1,verified_gambling,gambling
arcticcasino.com,1,verified_gambling,gambling
castpost.com,0,UT1_non_gambling_category,audio-video
spinsweet.com,1,verified_gambling,gambling
gladzip.com,0,UT1_non_gambling_category,jobsearch
video.comedy.ru,0,UT1_non_gambling_category,audio-video
roc.ru,0,UT1_non_gambling_category,sports
translate.google.ma,0,UT1_non_gambling_category,translation
hunkybingo.com,1,verified_gambling,gambling
divinereapers.org,0,UT1_non_gambling_category,games
wordwrap.de,0,UT1_non_gambling_category,games
kilgorenewsherald.com,0,UT1_non_gambling_category,press
daylymotion.com,0,UT1_non_gambling_category,audio-video
visbellica.com,0,UT1_non_gambling_category,games
wired.s6n.com,0,UT1_non_gambling_category,audio-video
getlucky.com,1,verified_gambling,gambling
lingvanex.com,0,UT1_non_gambling_category,translation
fruitkings.com,1,verified_gambling,gambling
webmail.pas.earthlink.net,0,UT1_non_gambling_category,webmail
howard.ca,0,UT1_non_gambling_category,shopping
bi-gout.com,0,UT1_non_gambling_category,cooking
casinoper790.com,1,verified_gambling,gambling
legendlink.com,1,verified_gambling,gambling
ebmaildomini.aruba.it,0,UT1_non_gambling_category,webmail
casino.draftkings.com,1,verified_gambling,gambling
xoplay.ph,1,verified_gambling,gambling
ww88xx.vip,1,verified_gambling,gambling
copybet.com,1,verified_gambling,gambling
betdaq.com,1,verified_gambling,gambling
foxybingo.com,1,verified_gambling,gambling
vkgame11.site,1,verified_gambling,gambling
kpikemusic.com,0,UT1_non_gambling_category,audio-video
jackpotjoy.com,1,verified_gambling,gambling
gamershood.biz,0,UT1_non_gambling_category,games
cuisineaz.com,0,UT1_non_gambling_category,cooking
24pokies2.com,1,verified_gambling,gambling
v.sina.com.cn,0,UT1_non_gambling_category,audio-video
apuestarey.com,1,verified_gambling,gambling
firestonefscu.org,0,UT1_non_gambling_category,bank
mohegansuncasino.com,1,verified_gambling,gambling
ph.747.live,1,verified_gambling,gambling
meilleurduchef.com,0,UT1_non_gambling_category,cooking
webmail.wanadoo.fr,0,UT1_non_gambling_category,webmail
les-delices-de-100drine.wifeo.com,0,UT1_non_gambling_category,cooking
translate.google.bi,0,UT1_non_gambling_category,translation
netbet.co.uk,1,verified_gambling,gambling
partypoker.com,1,verified_gambling,gambling
winzir.net,1,verified_gambling,gambling
filbet.com,1,verified_gambling,gambling
classeurdecole.files.wordpress.com,0,UT1_non_gambling_category,child
eotpa.org,0,UT1_non_gambling_category,sports
dnhour.com,0,UT1_non_gambling_category,social_networks
godcures.online,0,UT1_non_gambling_category,jobsearch
fastplay.ph,1,verified_gambling,gambling
fairplay.ph,1,verified_gambling,gambling
translate.google.mu,0,UT1_non_gambling_category,translation
kingsflowersfullerton.com,0,UT1_non_gambling_category,shopping
marmiton.org,0,UT1_non_gambling_category,cooking
sg8.bet,1,verified_gambling,gambling
c-piscine.fr,0,UT1_non_gambling_category,jobsearch
queenvegas.com,1,verified_gambling,gambling
healthlottery.co.uk,1,verified_gambling,gambling
cpcalendars.winzir.com,1,verified_gambling,gambling
siftheads.org,0,UT1_non_gambling_category,games
translate.google.ac,0,UT1_non_gambling_category,translation
epicwinvip.club,1,verified_gambling,gambling
alexander-schlaefke.com,0,UT1_non_gambling_category,audio-video
immortalwins.com,1,verified_gambling,gambling
translate.google.al,0,UT1_non_gambling_category,translation
okapp.chat,1,verified_gambling,gambling
onbet111.com,1,verified_gambling,gambling
verajohncasino.com,1,verified_gambling,gambling
costabingo.com,1,verified_gambling,gambling
hashlucky.io,1,verified_gambling,gambling
iplwin.com,1,verified_gambling,gambling
southindianbank.com,0,UT1_non_gambling_category,bank
matchbook.com,1,verified_gambling,gambling
winzir.ph,1,verified_gambling,gambling
centexvolleyball.org,0,UT1_non_gambling_category,sports
diamond-777.com,1,verified_gambling,gambling
vie.bet,1,verified_gambling,gambling
fichesdeprep.jimdo.com,0,UT1_non_gambling_category,child
gerbeaud.com,0,UT1_non_gambling_category,"cooking, press"
stillenacht.info,0,UT1_non_gambling_category,audio-video
kordonbet.com,1,verified_gambling,gambling
b-comb.com,0,UT1_non_gambling_category,shopping
cuisineactuelle.fr,0,UT1_non_gambling_category,cooking
bernsteinschmuck.biz,0,UT1_non_gambling_category,shopping
translate.google.lv,0,UT1_non_gambling_category,translation
whimsyload.com,0,UT1_non_gambling_category,games
chefnini.com,0,UT1_non_gambling_category,cooking
supercasino.com,1,verified_gambling,gambling
johann-sebastian-bach.org,0,UT1_non_gambling_category,audio-video
shannoncountycurrentwave.com,0,UT1_non_gambling_category,press
nj.betparx.com,1,verified_gambling,gambling
logicieleducatif.fr,0,UT1_non_gambling_category,"child, educational_games"
fnblifetime.com,0,UT1_non_gambling_category,bank
sun-sentinel.com,0,UT1_non_gambling_category,press
casinosieger.com,1,verified_gambling,gambling
luckpot.ph,1,verified_gambling,gambling
capecodbaseball.org,0,UT1_non_gambling_category,sports
translate.google.gg,0,UT1_non_gambling_category,translation
spinrio.com,1,verified_gambling,gambling
luckster.com,1,verified_gambling,gambling
materalbum.free.fr,0,UT1_non_gambling_category,child
plazaroyal.com,1,verified_gambling,gambling
lacuisinedegeraldine.fr,0,UT1_non_gambling_category,cooking
winkbingo.com,1,verified_gambling,gambling
yogiberra.com,0,UT1_non_gambling_category,sports
slotheart.com,1,verified_gambling,gambling
mu9.com,1,verified_gambling,gambling
encoreungateau.com,0,UT1_non_gambling_category,cooking
chezcachou.com,0,UT1_non_gambling_category,cooking
okbet.help,1,verified_gambling,gambling
sport.netbet.co.uk,1,verified_gambling,gambling
sulobet.ph,1,verified_gambling,gambling
lakiplay.com,1,verified_gambling,gambling
filmstreaming.cc,0,UT1_non_gambling_category,audio-video
englishexercises.org,0,UT1_non_gambling_category,educational_games
cer3-web-portal.netlify.app,0,UT1_non_gambling_category,jobsearch
scorchingslots.com,1,verified_gambling,gambling
nouvelliste.ch,0,UT1_non_gambling_category,press
soscuisine.com,0,UT1_non_gambling_category,cooking
citypos.org,0,UT1_non_gambling_category,jobsearch
roksport.com,0,UT1_non_gambling_category,shopping
londonfrontrunners.org,0,UT1_non_gambling_category,sports
translate.google.tw,0,UT1_non_gambling_category,translation
chessarea.com,0,UT1_non_gambling_category,games
surprisesetgourmandises.fr,0,UT1_non_gambling_category,cooking
playmobil.nl,0,UT1_non_gambling_category,games
lawyrs.net,0,UT1_non_gambling_category,social_networks
sophie-favier.videos-people.com,0,UT1_non_gambling_category,audio-video
lemel.com,0,UT1_non_gambling_category,webmail
buenas.ph,1,verified_gambling,gambling
luckyvegas.com,1,verified_gambling,gambling
gamezone.ph,1,verified_gambling,gambling
times-journal.com,0,UT1_non_gambling_category,press
apricot.co.im,1,verified_gambling,gambling
meinvz.net,0,UT1_non_gambling_category,social_networks
grandmondial.co.uk,1,verified_gambling,gambling
adeline-cuisine.fr,0,UT1_non_gambling_category,cooking
saysoccer.org,0,UT1_non_gambling_category,sports
runescapeblog.co.uk,0,UT1_non_gambling_category,games
denimjunkies.com,0,UT1_non_gambling_category,shopping
canada777.com,1,verified_gambling,gambling
copticmail.com,0,UT1_non_gambling_category,webmail
luckymate.co.uk,1,verified_gambling,gambling
mail.live.com,0,UT1_non_gambling_category,webmail
laclassedejenny.fr,0,UT1_non_gambling_category,child
echinospermum.xyz,0,UT1_non_gambling_category,jobsearch
mychurch.org,0,UT1_non_gambling_category,social_networks
usc.rivals.com,0,UT1_non_gambling_category,sports
jackpotcitycasino.co.uk,1,verified_gambling,gambling
tombola.com,1,verified_gambling,gambling
vegas.betway.com,1,verified_gambling,gambling
monger.vekn.org,0,UT1_non_gambling_category,games
kittybingo.com,1,verified_gambling,gambling
24bettle.com,1,verified_gambling,gambling
oliviapatisse.com,0,UT1_non_gambling_category,cooking
atlantamotorspeedway.com,0,UT1_non_gambling_category,sports
translate.google.ph,0,UT1_non_gambling_category,translation
deviantart.com,0,UT1_non_gambling_category,social_networks
estelledocs.eklablog.com,0,UT1_non_gambling_category,child
casino-1xbet.com,1,verified_gambling,gambling
smtp2.aruba.it,0,UT1_non_gambling_category,webmail
w88br.com,1,verified_gambling,gambling
cnd.org,0,UT1_non_gambling_category,press
bet-at-home.com,1,verified_gambling,gambling
api.blingwin.com,1,verified_gambling,gambling
inplay.ph,1,verified_gambling,gambling
dragonbet.co.uk,1,verified_gambling,gambling
888poker.com,1,verified_gambling,gambling
athygolfclub.com,0,UT1_non_gambling_category,sports
lottoland.co.uk,1,verified_gambling,gambling
drirdolce.rest,0,UT1_non_gambling_category,jobsearch
sports.betway.com,1,verified_gambling,gambling
okgames.ph,1,verified_gambling,gambling
ww88uu.vip,1,verified_gambling,gambling
leslivresple.over-blog.com,0,UT1_non_gambling_category,child
tombola.co.uk,1,verified_gambling,gambling
translate.google.sk,0,UT1_non_gambling_category,translation
tonawanda-news.com,0,UT1_non_gambling_category,press
egamescasino.ph,1,verified_gambling,gambling
betuk.com,1,verified_gambling,gambling
cloudy2rain.info,0,UT1_non_gambling_category,jobsearch
bakeitwithlove.com,0,UT1_non_gambling_category,cooking
deskgame.com,1,verified_gambling,gambling
s14.bitefight.it,0,UT1_non_gambling_category,audio-video
ironcountyreporter.com,0,UT1_non_gambling_category,press
betway.com,1,verified_gambling,gambling
522bet.com,1,verified_gambling,gambling
gamebookers.com,1,verified_gambling,gambling
aussie-bet33.com,1,verified_gambling,gambling
doingtobeing.com,0,UT1_non_gambling_category,jobsearch
sportsplus.com.ph,1,verified_gambling,gambling
help.winzir.com,1,verified_gambling,gambling
kingclub.com,1,verified_gambling,gambling
bet88.ph,1,verified_gambling,gambling
rembrandtcasino.com,1,verified_gambling,gambling
vcurams.vcu.edu,0,UT1_non_gambling_category,sports
topshift.com,0,UT1_non_gambling_category,games
doodlejump.app,0,UT1_non_gambling_category,games
paddypower.com,1,verified_gambling,gambling
juegopc10.com,0,UT1_non_gambling_category,games
midnite.com,1,verified_gambling,gambling
fluik.com,0,UT1_non_gambling_category,games
barwellbusinesspark.com,0,UT1_non_gambling_category,jobsearch
unfcu.org,0,UT1_non_gambling_category,bank
steelcrategames.com,0,UT1_non_gambling_category,games
nj.partycasino.com,1,verified_gambling,gambling
inplay.powerplay.ph,1,verified_gambling,gambling
gentlemanjim.bet,1,verified_gambling,gambling
playahead.se,0,UT1_non_gambling_category,social_networks
centralamusement.com,0,UT1_non_gambling_category,games
videoslots.com,1,verified_gambling,gambling
game-focus.com,0,UT1_non_gambling_category,games
checker-eigeniayer.xyz,0,UT1_non_gambling_category,jobsearch
casino.jackpocket.com,1,verified_gambling,gambling
mail.disroot.org,0,UT1_non_gambling_category,webmail
thepokies.net,1,verified_gambling,gambling
136bet.com,1,verified_gambling,gambling
mediaexpert.pl,0,UT1_non_gambling_category,shopping
wmail.orange.fr,0,UT1_non_gambling_category,webmail
bppoker.ph,1,verified_gambling,gambling
jackpotcity.co.uk,1,verified_gambling,gambling
app-domain.pin77.com,1,verified_gambling,gambling
klimatop.pl,0,UT1_non_gambling_category,shopping
observertoday.com,0,UT1_non_gambling_category,press
globalbank.ag,0,UT1_non_gambling_category,bank
seius.org,0,UT1_non_gambling_category,bank
slotzo.com,1,verified_gambling,gambling
buzzbingo.com,1,verified_gambling,gambling
rgp.egamescasino.ph,1,verified_gambling,gambling
webmail.air.defense.gouv.fr,0,UT1_non_gambling_category,webmail
sailorbingo.com,1,verified_gambling,gambling
solaceinc.com,0,UT1_non_gambling_category,shopping
luckypantsbingo.com,1,verified_gambling,gambling
4crownscasino1.com,1,verified_gambling,gambling
playtime.com.ph,1,verified_gambling,gambling
translate.google.tk,0,UT1_non_gambling_category,translation
tastevegas.com,1,verified_gambling,gambling
nustargame.com,1,verified_gambling,gambling
giantspins.com,1,verified_gambling,gambling
bbs.diversist.com,0,UT1_non_gambling_category,jobsearch
mercotte.fr,0,UT1_non_gambling_category,cooking
balikcidolabi.com,0,UT1_non_gambling_category,jobsearch
radioblogclub.fr,0,UT1_non_gambling_category,audio-video
press-citizen.com,0,UT1_non_gambling_category,press
luckyvip.com,1,verified_gambling,gambling
posteo.de,0,UT1_non_gambling_category,webmail
mail.microdata.it,0,UT1_non_gambling_category,webmail
st-barthelemy-2.overblog.com,0,UT1_non_gambling_category,child
hippodromecasino.com,1,verified_gambling,gambling
picassoamerica.com,0,UT1_non_gambling_category,shopping
wanjinggame.com,0,UT1_non_gambling_category,games
girlgogame.fr,0,UT1_non_gambling_category,jobsearch
gijoualecole.eklablog.com,0,UT1_non_gambling_category,child
btimes.com,0,UT1_non_gambling_category,press
betmaster.ie,1,verified_gambling,gambling
dongybavi.com,0,UT1_non_gambling_category,jobsearch
smtp6.aruba.it,0,UT1_non_gambling_category,webmail
ucdcrew.org,0,UT1_non_gambling_category,sports
mobile.betboro.com,1,verified_gambling,gambling
755bet.com,1,verified_gambling,gambling
playfrank.com,1,verified_gambling,gambling
chiyubank.com,0,UT1_non_gambling_category,bank
gamezone88.com,1,verified_gambling,gambling
nustaronline.vip,1,verified_gambling,gambling
hollywoodbets.co.uk,1,verified_gambling,gambling
suomikasino.com,1,verified_gambling,gambling
telaquente.net,0,UT1_non_gambling_category,audio-video
winzir.com.ph,1,verified_gambling,gambling
fulcaz.misla.pl,0,UT1_non_gambling_category,jobsearch
s5.com,1,verified_gambling,gambling
idlewildlondon.com,0,UT1_non_gambling_category,shopping
pisogame.com,1,verified_gambling,gambling
unpetittourdecole.eklablog.com,0,UT1_non_gambling_category,child
dingcasino.com,1,verified_gambling,gambling
beneyluschool.com,0,UT1_non_gambling_category,child
casino-ra.com,1,verified_gambling,gambling
spinnalot.com,1,verified_gambling,gambling
buenas.pro,1,verified_gambling,gambling
lusofederal.com,0,UT1_non_gambling_category,bank
raybet03.com,1,verified_gambling,gambling
kingbet86.com,1,verified_gambling,gambling
goldmere-paynex.net,0,UT1_non_gambling_category,jobsearch
cosmiccasino.org,1,verified_gambling,gambling
libretranslate.com,0,UT1_non_gambling_category,translation
747ph.live,1,verified_gambling,gambling
tierfans.net,0,UT1_non_gambling_category,games
bingoplus.net,1,verified_gambling,gambling
casino.netbet.co.uk,1,verified_gambling,gambling
nj.partypoker.com,1,verified_gambling,gambling
firstcommunity.com,0,UT1_non_gambling_category,bank
casino.boylesports.com,1,verified_gambling,gambling
